sample_id,polling_8ms_us,event_driven_us
0,8391.300,562.800
1,8141.400,321.000
2,7891.600,71.300
3,7642.100,8.700
4,7391.900,6.500
5,7141.800,7.700
6,6891.900,9.600
7,6642.400,8.900
8,6392.100,7.200
9,6142.100,8.900
10,5892.000,7.500
11,5642.200,7.400
12,5392.300,6.800
13,5139.500,18.600
14,4892.400,8.100
15,4642.700,9.800
16,4392.400,9.300
17,4142.400,7.200
18,3892.700,7.900
19,3642.800,6.900
20,3392.900,6.500
21,3142.900,10.300
22,2893.100,7.200
23,2643.200,6.300
24,112.100,14.100
25,104.400,7.000
26,103.800,6.500
27,103.400,6.100
28,103.000,5.700
29,102.600,5.300
30,102.200,4.900
31,101.800,4.500
32,8280.400,170.200
33,8116.700,6.700
34,8073.000,7.500
35,7823.100,6.400
36,7572.800,8.300
37,7322.900,8.500
38,7072.800,7.400
39,6822.900,9.000
40,6573.200,8.000
41,6323.400,6.400
42,6073.300,6.900
43,5823.600,7.500
44,5573.400,7.600
45,5323.300,6.800
46,5073.700,8.100
47,4823.400,8.500
48,4573.700,6.700
49,4323.700,6.000
50,4073.700,9.300
51,3824.000,10.100
52,3573.500,8.000
53,3323.700,8.400
54,3073.800,8.200
55,2823.800,7.400
56,2574.000,8.500
57,2324.100,7.500
58,2074.300,7.400
59,1824.300,8.400
60,1573.900,7.400
61,1324.300,6.200
62,1074.200,5.400
63,824.300,5.800
64,736.200,148.800
65,486.300,6.900
66,236.700,9.300
67,8040.200,12.600
68,7790.100,6.700
69,7540.500,6.300
70,7290.200,6.300
71,7040.500,8.900
72,6790.600,6.700
73,6540.600,10.200
74,6290.600,9.200
75,6040.500,8.100
76,5790.900,6.700
77,5540.800,6.200
78,5290.600,6.900
79,5041.000,8.100
80,4791.200,6.600
81,4540.900,6.500
82,4291.300,6.800
83,4041.000,7.300
84,3791.200,5.400
85,3541.400,7.400
86,3291.100,8.200
87,3041.400,7.700
88,2791.100,7.300
89,2541.400,6.300
90,2291.400,6.300
91,2041.700,9.600
92,1791.600,8.800
93,1541.700,6.400
94,1291.600,7.500
95,1041.500,9.500
96,791.600,10.900
97,541.700,6.400
98,291.900,6.700
99,41.900,6.200
100,8009.800,7.200
101,7760.600,6.100
102,7510.400,6.600
103,7260.400,6.600
104,7010.600,8.800
105,6760.700,7.400
106,6510.500,6.500
107,6260.700,6.600
108,6010.900,6.900
109,5760.900,8.700
110,5510.800,6.300
111,5260.700,6.200
112,5011.200,7.000
113,4761.200,6.300
114,4511.200,6.300
115,4260.900,7.000
116,4011.300,6.500
117,3761.500,8.000
118,3511.100,7.600
119,3261.200,7.000
120,3011.600,8.200
121,2761.600,9.200
122,2511.700,6.400
123,2261.600,6.800
124,2011.800,7.500
125,1761.800,8.400
126,1512.000,7.300
127,1261.900,6.300
128,1011.800,6.300
129,762.100,8.600
130,512.200,8.600
131,262.100,6.800
132,12.400,9.100
133,8245.500,7.700
134,7995.700,6.800
135,7745.900,6.500
136,7495.800,6.400
137,7245.900,9.000
138,6995.900,8.600
139,6746.000,7.700
140,6495.800,9.200
141,6246.300,9.800
142,5996.200,8.600
143,5746.500,9.500
144,5496.100,7.600
145,5246.200,6.300
146,4996.400,8.400
147,4746.300,6.600
148,4496.500,6.700
149,4246.800,6.600
150,3996.500,10.400
151,3746.400,8.400
152,3496.800,7.100
153,3246.700,6.400
154,2996.700,8.100
155,2746.800,6.600
156,2497.100,6.700
157,2246.900,6.600
158,1997.200,8.600
159,1747.200,9.400
160,1497.300,7.600
161,1247.100,9.900
162,997.200,7.100
163,747.600,8.700
164,497.400,6.300
165,247.700,6.100
166,8237.700,3.800
167,7988.000,8.800
168,7737.700,6.800
169,7488.000,10.300
170,7237.700,7.700
171,6987.900,6.600
172,6737.900,6.200
173,6487.900,6.000
174,6237.900,6.900
175,5988.300,7.800
176,5738.300,6.200
177,5488.300,6.100
178,5238.100,6.000
179,4988.200,11.300
180,4738.300,9.300
181,4488.500,7.500
182,4238.700,6.600
183,3988.800,9.200
184,3738.600,7.100
185,3488.400,6.900
186,3238.800,7.300
187,2988.800,8.600
188,2738.800,7.300
189,2488.700,6.600
190,2238.800,6.500
191,1989.100,8.100
192,1739.100,6.600
193,1489.300,8.300
194,1239.000,7.000
195,989.200,7.400
196,739.100,6.300
197,489.400,6.100
198,239.400,6.400
199,8341.300,6.800
200,8092.100,8.000
201,7842.200,6.600
202,7592.100,6.300
203,7342.400,8.200
204,7092.500,9.400
205,6842.200,6.500
206,6592.400,10.200
207,6342.400,7.300
208,6092.800,9.400
209,5842.800,8.300
210,5592.600,9.300
211,5342.600,7.100
212,5093.100,6.800
213,4842.900,6.200
214,4593.000,5.900
215,4342.800,6.800
216,4092.800,6.900
217,3843.300,6.200
218,3593.300,6.100
219,3343.200,6.700
220,3093.300,10.700
221,2843.500,8.500
222,2593.300,6.800
223,2343.700,7.900
224,2093.700,6.500
225,1843.700,7.700
226,1593.400,6.400
227,1343.900,6.800
228,1093.500,15.500
229,843.800,10.700
230,593.600,7.200
231,343.700,7.500
232,94.000,7.500
233,8077.200,7.900
234,7827.700,6.800
235,7577.700,7.500
236,7327.500,6.400
237,7077.900,7.900
238,6827.900,6.800
239,6578.000,9.400
240,6328.100,7.500
241,6077.800,8.100
242,5827.900,6.400
243,5578.300,10.000
244,5328.400,6.900
245,5078.400,8.100
246,4828.400,6.600
247,4578.700,6.700
248,4328.300,6.500
249,4078.600,9.300
250,3828.800,7.000
251,3578.900,8.800
252,3328.700,6.400
253,3078.900,6.600
254,2829.000,8.900
255,2579.000,7.400
256,2328.800,6.500
257,2079.000,8.600
258,1829.200,7.800
259,1579.300,6.300
260,1329.000,6.100
261,1079.200,6.100
262,829.600,9.300
263,579.200,7.500
264,329.600,6.300
265,79.500,6.600
266,8064.900,8.000
267,7814.700,6.300
268,7565.100,6.300
269,7315.300,6.200
270,7065.400,9.200
271,6815.100,12.400
272,6565.300,8.600
273,6315.400,8.800
274,6065.300,9.800
275,5815.300,7.600
276,5565.300,8.600
277,5315.500,7.400
278,5065.700,7.100
279,4815.700,6.500
280,4565.500,6.200
281,4315.700,7.300
282,4066.100,7.300
283,3816.200,6.800
284,3566.100,7.600
285,3315.900,10.700
286,3066.100,7.200
287,2815.900,8.800
288,2566.200,6.500
289,2316.100,6.700
290,2066.500,10.200
291,1816.700,8.800
292,1566.500,6.900
293,1316.800,8.200
294,1066.600,7.100
295,816.800,9.900
296,566.900,7.000
297,316.900,7.300
298,66.700,6.800
299,8103.000,7.900
300,7853.500,9.500
301,7603.400,6.600
302,7353.100,6.500
303,7103.700,9.300
304,6853.200,7.600
305,6603.500,6.500
306,6353.800,6.400
307,6103.800,6.500
308,5853.800,6.200
309,5603.800,6.400
310,5354.100,6.600
311,5103.800,8.000
312,4853.800,8.200
313,4603.900,6.400
314,4354.100,6.900
315,4104.100,9.400
316,3854.500,8.100
317,3604.300,8.900
318,3354.700,8.600
319,3104.800,11.100
320,2854.800,8.700
321,2604.700,6.400
322,2354.700,6.100
323,2104.600,6.000
324,1855.000,7.400
325,1605.100,8.300
326,1355.000,7.600
327,1105.300,6.500
328,855.000,7.100
329,605.300,7.500
330,355.200,6.300
331,105.000,6.400
332,8608.700,8.600
333,8359.100,6.200
334,8108.900,6.100
335,7859.300,6.500
336,7609.100,8.500
337,7359.400,7.500
338,7109.000,7.100
339,6859.600,8.600
340,6609.500,7.800
341,6359.600,6.600
342,6109.500,6.600
343,5859.800,6.300
344,5609.600,6.300
345,5359.500,6.400
346,5110.000,8.300
347,4859.700,6.400
348,4609.600,6.000
349,4360.000,6.500
350,4109.700,7.200
351,3860.200,6.600
352,3610.200,6.400
353,3360.200,8.600
354,3110.000,8.300
355,2860.100,6.500
356,2610.500,6.400
357,2360.100,5.200
358,2110.400,9.100
359,1860.300,7.600
360,1610.500,6.400
361,1360.600,9.300
362,1110.300,9.600
363,860.800,10.500
364,610.500,7.600
365,360.700,7.600
366,110.700,6.300
367,8107.600,7.900
368,7857.800,6.300
369,7607.700,6.100
370,7357.600,6.800
371,7107.700,6.900
372,6858.100,6.300
373,6608.200,6.300
374,6358.100,6.100
375,6108.400,7.600
376,5858.200,6.600
377,5608.100,7.100
378,5358.400,7.700
379,5108.400,7.000
380,4858.500,8.500
381,4608.300,6.600
382,4358.600,6.400
383,4108.500,11.500
384,3858.600,10.100
385,3608.600,8.700
386,3358.700,7.700
387,3108.700,6.500
388,2859.300,9.400
389,2608.900,7.100
390,2359.300,6.200
391,2109.200,6.100
392,1859.000,8.400
393,1609.500,6.600
394,1359.500,6.600
395,1109.400,6.100
396,859.300,6.200
397,609.500,6.100
398,359.900,6.700
399,109.700,7.100
400,8063.000,7.900
401,7813.300,7.500
402,7563.500,6.900
403,7313.600,6.400
404,7063.400,6.800
405,6813.500,8.800
406,6563.400,9.900
407,6313.400,9.600
408,6063.900,9.300
409,5813.800,6.600
410,5564.100,8.200
411,5313.800,9.200
412,5064.000,7.200
413,4813.700,7.800
414,4564.100,6.600
415,4314.200,6.700
416,4064.300,6.700
417,3814.200,9.200
418,3564.100,8.000
419,3314.100,6.400
420,3064.400,8.400
421,2814.200,9.100
422,2564.300,8.500
423,2314.300,8.800
424,2064.400,7.200
425,1814.500,6.500
426,1564.900,6.300
427,1314.500,6.900
428,1064.900,7.600
429,814.900,11.400
430,564.900,8.100
431,315.100,6.500
432,64.900,6.700
433,7960.600,7.900
434,7710.700,14.300
435,7460.800,7.700
436,7210.800,6.600
437,6961.100,6.200
438,6711.400,6.200
439,6461.500,6.800
440,6211.200,6.600
441,5961.500,7.900
442,5711.600,6.400
443,5461.600,6.300
444,5211.400,6.600
445,4961.700,8.200
446,4711.800,6.300
447,4462.000,6.200
448,4211.500,7.000
449,3961.700,9.000
450,3712.200,5.800
451,3461.800,20.300
452,3211.900,9.500
453,2962.400,9.300
454,2712.300,7.900
455,2462.400,7.000
456,2212.100,6.400
457,1962.200,8.200
458,1712.400,6.600
459,1462.400,6.300
460,1212.500,6.300
461,962.600,6.400
462,712.600,6.500
463,462.600,6.500
464,213.100,6.300
465,8145.900,8.100
466,7895.900,7.500
467,7646.400,6.900
468,7396.500,6.300
469,7146.200,4.600
470,6896.600,8.500
471,6646.400,7.500
472,6396.600,6.800
473,6146.400,8.900
474,5896.400,9.500
475,5646.700,7.700
476,5396.800,6.700
477,5146.900,6.700
478,4896.600,6.400
479,4647.100,6.800
480,4396.900,6.300
481,4146.800,6.600
482,3896.800,7.300
483,3646.800,6.400
484,3397.300,6.900
485,3147.100,6.200
486,2897.400,6.200
487,2647.100,6.400
488,2397.200,6.600
489,2147.600,6.300
490,1897.800,9.000
491,1647.800,7.600
492,1397.500,6.400
493,1147.700,6.700
494,897.700,8.100
495,647.800,8.100
496,398.300,8.000
497,148.300,7.000
498,8131.300,8.700
499,7881.700,7.000
500,7631.500,6.100
501,7381.500,6.100
502,7131.800,6.800
503,6881.600,6.300
504,6631.900,5.900
505,6381.900,6.300
506,6131.800,4.700
507,5882.200,6.600
508,5631.900,6.100
509,5382.300,6.100
510,5132.000,6.600
511,4882.400,8.600
512,4632.200,6.500
513,4382.400,6.200
514,4132.300,6.700
515,3882.500,7.400
516,3632.700,6.600
517,3382.800,9.100
518,3132.600,9.300
519,2882.500,8.100
520,2633.100,9.400
521,2383.100,7.500
522,2133.100,6.500
523,1883.300,9.100
524,1632.800,6.400
525,1383.300,8.900
526,1133.100,6.300
527,883.400,7.800
528,633.300,6.500
529,383.100,6.500
530,133.600,8.900
531,8105.300,7.700
532,7855.700,6.400
533,7606.000,6.600
534,7355.900,6.900
535,7105.900,6.600
536,6856.400,8.300
537,6606.100,9.100
538,6356.200,7.800
539,6106.600,11.500
540,5856.500,12.200
541,5606.500,8.800
542,5356.700,4.700
543,5106.600,8.800
544,4856.600,6.500
545,4607.000,6.700
546,4357.000,6.700
547,4106.900,6.500
548,3857.000,9.000
549,3607.200,7.700
550,3357.400,6.400
551,3107.200,11.300
552,2857.600,8.800
553,2607.300,6.500
554,2357.500,6.100
555,2107.300,6.300
556,1857.600,7.100
557,1607.800,6.400
558,1357.500,6.500
559,1108.000,7.100
560,857.800,7.300
561,608.200,9.800
562,357.900,8.000
563,108.100,11.200
564,8024.400,12.100
565,7774.400,8.300
566,7524.200,6.600
567,7274.300,6.800
568,7024.600,9.300
569,6774.400,8.000
570,6524.500,8.500
571,6274.700,6.800
572,6024.800,9.000
573,5774.800,7.300
574,5524.900,6.500
575,5275.100,6.800
576,5025.000,7.500
577,4774.900,6.200
578,4525.200,6.400
579,4275.200,6.600
580,4024.500,9.300
581,3775.300,6.600
582,3525.400,6.200
583,3275.200,6.500
584,3025.500,11.400
585,2775.700,9.200
586,2525.300,6.900
587,2275.700,6.400
588,2025.800,6.400
589,1775.700,6.700
590,1525.500,6.100
591,1275.900,6.500
592,1026.000,6.600
593,776.100,8.000
594,525.700,6.400
595,276.000,7.700
596,26.100,7.000
597,7909.600,6.800
598,7660.300,6.700
599,7410.200,6.500
600,7160.100,6.700
601,6910.400,7.300
602,6660.300,6.500
603,6410.200,6.700
604,6160.300,6.300
605,5910.600,6.300
606,5660.800,11.500
607,5410.700,10.800
608,5160.500,8.300
609,4910.800,10.200
610,4660.800,8.300
611,4410.800,6.200
612,4160.700,5.900
613,3911.100,7.500
614,3661.100,7.100
615,3410.900,6.800
616,3161.000,6.100
617,2911.400,7.400
618,2661.100,6.800
619,2411.400,8.400
620,2161.400,6.500
621,1911.300,7.800
622,1661.600,6.200
623,1411.400,6.600
624,1161.800,6.800
625,911.500,8.600
626,661.900,6.800
627,411.800,6.900
628,161.700,7.700
629,8095.900,10.100
630,7846.200,6.500
631,7596.400,6.700
632,7346.100,6.300
633,7096.400,8.200
634,6846.400,8.900
635,6596.600,7.400
636,6346.500,6.300
637,6096.900,7.200
638,5846.500,6.600
639,5596.900,6.800
640,5346.900,6.300
641,5096.600,7.500
642,4846.800,6.800
643,4597.200,6.700
644,4347.000,6.100
645,4097.000,8.500
646,3847.000,9.500
647,3597.100,7.400
648,3347.300,6.500
649,3097.000,9.800
650,2847.100,7.400
651,2597.300,9.800
652,2347.400,7.500
653,2097.700,6.400
654,1847.500,7.900
655,1597.800,6.300
656,1347.600,6.300
657,1098.000,6.200
658,847.700,6.700
659,598.000,6.200
660,347.900,6.100
661,98.200,6.000
662,8095.600,7.400
663,7846.100,6.200
664,7596.100,6.200
665,7344.700,6.700
666,7096.500,8.000
667,6846.600,8.800
668,6596.400,7.700
669,6355.400,6.500
670,6105.200,8.400
671,5855.500,10.600
672,5605.300,6.800
673,5355.900,14.600
674,5105.400,9.200
675,4855.800,7.400
676,4606.000,7.400
677,4355.800,7.300
678,4106.200,8.600
679,3856.100,8.200
680,3608.900,7.100
681,3387.300,6.500
682,3137.700,10.600
683,2887.800,13.400
684,2638.200,9.700
685,2388.100,6.800
686,2138.100,6.900
687,1888.300,7.200
688,1638.300,6.600
689,1388.200,9.200
690,1138.600,7.000
691,888.300,6.800
692,638.600,7.100
693,388.400,6.500
694,138.500,6.900
695,8130.700,8.700
696,7880.800,7.400
697,7630.900,16.200
698,7380.600,9.200
699,7130.600,8.300
700,6880.900,9.000
701,6631.000,6.600
702,6380.800,8.400
703,6130.800,10.100
704,5881.000,9.300
705,5631.100,7.400
706,5381.100,6.400
707,5130.900,3.300
708,4881.200,8.600
709,4631.100,6.500
710,4381.300,6.200
711,4131.000,8.400
712,3881.000,8.600
713,3631.300,21.000
714,3381.500,8.300
715,3131.300,6.900
716,2881.500,8.800
717,2631.100,13.900
718,2381.600,9.300
719,2131.400,9.900
720,1881.600,9.100
721,1631.700,7.800
722,1381.500,6.200
723,1131.800,7.000
724,881.300,5.700
725,631.800,6.900
726,381.900,11.800
727,131.700,6.800
728,8182.800,8.100
729,7932.500,5.800
730,7682.700,7.100
731,7433.000,6.400
732,7182.600,7.500
733,6932.900,6.200
734,6683.200,6.000
735,6432.700,6.000
736,6182.800,8.700
737,5932.900,7.300
738,5683.300,7.200
739,5433.000,8.100
740,5182.900,7.900
741,4933.200,12.400
742,4683.200,7.200
743,4433.000,8.100
744,4183.300,6.500
745,3933.100,9.500
746,3683.400,10.900
747,3433.100,7.100
748,3183.300,6.200
749,2933.100,7.300
750,2683.300,8.600
751,2433.300,6.700
752,2183.300,7.900
753,1933.700,8.300
754,1683.500,9.100
755,1433.400,6.200
756,1183.300,6.000
757,933.700,8.100
758,683.500,7.100
759,433.500,7.800
760,183.500,6.400
761,8074.600,7.100
762,7824.600,10.800
763,7575.100,7.100
764,7325.100,7.500
765,7074.900,6.600
766,6825.000,5.800
767,6574.800,5.900
768,6325.200,6.400
769,6075.000,7.300
770,5824.900,8.000
771,5575.300,7.800
772,5325.300,6.000
773,5075.000,6.500
774,4825.300,6.300
775,4574.900,5.700
776,4325.400,5.700
777,4075.300,7.200
778,3825.400,6.600
779,3575.400,6.700
780,3325.200,6.300
781,3075.600,9.800
782,2825.600,7.200
783,2575.400,5.600
784,2325.200,9.400
785,2075.600,12.700
786,1825.700,7.000
787,1575.400,6.000
788,1325.700,5.700
789,1075.700,6.400
790,825.400,7.500
791,575.300,6.000
792,325.500,5.900
793,75.900,5.800
794,8018.400,6.200
795,7768.400,6.300
796,7518.400,6.400
797,7268.500,5.900
798,7018.800,6.400
799,6768.800,6.500
800,6519.000,6.900
801,6268.800,6.400
802,6018.600,7.600
803,5768.700,9.500
804,5519.000,8.300
805,5268.700,7.500
806,5018.600,11.600
807,4768.900,8.500
808,4519.100,8.700
809,4269.100,7.000
810,4018.800,8.000
811,3768.800,6.100
812,3519.200,6.500
813,3268.800,6.400
814,3019.300,6.800
815,2768.900,6.600
816,2518.800,7.900
817,2269.100,6.700
818,2019.000,4.800
819,1768.900,6.400
820,1519.400,6.100
821,1269.200,6.100
822,1019.200,7.700
823,769.000,6.600
824,519.200,6.400
825,269.500,5.800
826,19.300,9.400
827,7983.500,7.600
828,7733.800,8.600
829,7484.000,7.600
830,7233.800,7.300
831,6983.900,7.400
832,6733.800,6.500
833,6484.000,6.500
834,6234.200,6.100
835,5983.800,7.600
836,5734.000,6.100
837,5484.200,6.500
838,5234.000,6.400
839,4983.900,39.700
840,4733.800,9.200
841,4484.100,7.500
842,4234.000,6.000
843,3984.200,8.100
844,3733.900,6.800
845,3484.000,6.300
846,3234.300,6.600
847,2984.100,8.500
848,2734.300,8.000
849,2484.200,6.400
850,2234.400,9.500
851,1983.900,6.700
852,1734.200,5.500
853,1484.300,7.700
854,1234.400,8.000
855,984.400,4.900
856,734.200,7.900
857,484.600,9.200
858,234.600,6.100
859,8420.900,5.000
860,8171.100,8.400
861,7921.200,6.200
862,7670.900,5.900
863,7421.500,7.900
864,7171.300,7.600
865,6921.000,6.400
866,6671.300,6.700
867,6421.200,8.900
868,6171.300,9.700
869,5921.100,10.000
870,5671.300,39.000
871,5421.200,8.400
872,5171.300,11.000
873,4921.600,9.000
874,4671.400,45.600
875,4421.300,9.400
876,4171.400,8.900
877,3921.800,7.800
878,3671.800,7.100
879,3421.800,7.400
880,3171.500,10.000
881,2921.700,9.200
882,2672.000,9.100
883,2421.600,8.400
884,2171.600,8.900
885,1922.100,10.700
886,1671.600,9.500
887,1422.100,8.200
888,1171.900,7.100
889,922.200,8.000
890,671.900,9.000
891,421.800,8.200
892,172.100,6.900
893,8228.700,9.100
894,7978.400,7.800
895,7728.300,7.100
896,7478.600,6.400
897,7228.700,6.600
898,6978.600,10.500
899,6728.900,10.000
900,6478.500,8.200
901,6228.900,6.900
902,5978.800,6.300
903,5729.000,7.500
904,5479.000,7.100
905,5228.800,7.400
906,4978.600,8.700
907,4728.600,7.200
908,4478.700,7.700
909,4228.700,9.500
910,3979.100,10.300
911,3729.200,8.700
912,3479.200,9.700
913,3229.000,9.000
914,2979.200,10.800
915,2728.900,8.900
916,2479.100,10.800
917,2229.100,9.300
918,1979.400,14.800
919,1729.300,17.200
920,1479.300,9.200
921,1228.900,8.000
922,979.200,9.700
923,729.400,7.200
924,479.300,8.600
925,229.200,6.800
926,8258.200,7.300
927,8008.600,7.700
928,7758.600,8.500
929,7508.700,7.100
930,7258.500,12.100
931,7008.900,6.700
932,6758.600,8.600
933,6508.900,8.200
934,6259.000,7.400
935,6008.800,8.100
936,5759.100,9.000
937,5508.700,7.900
938,5259.100,8.400
939,5008.700,8.200
940,4758.800,7.800
941,4509.000,9.100
942,4259.100,7.700
943,4008.900,10.700
944,3758.800,9.200
945,3508.900,6.500
946,3259.100,6.600
947,3009.400,8.900
948,2759.100,5.200
949,2509.300,4.700
950,2259.000,7.500
951,2009.300,9.000
952,1759.200,8.400
953,1509.300,5.700
954,1259.300,6.300
955,1009.200,8.400
956,759.600,7.200
957,509.300,6.400
958,259.600,6.100
959,9.300,8.000
960,8012.300,8.100
961,7762.100,8.600
962,7512.300,8.300
963,7262.300,7.800
964,7012.100,13.400
965,6762.400,7.000
966,6512.500,6.100
967,6262.400,6.100
968,6012.600,10.000
969,5762.100,8.500
970,5512.600,6.900
971,5262.500,6.000
972,5012.300,6.800
973,4762.700,5.800
974,4512.700,5.600
975,4262.600,5.900
976,4012.800,7.400
977,3762.400,6.500
978,3512.700,6.800
979,3262.600,6.700
980,3012.500,8.200
981,2762.600,7.500
982,2512.700,6.600
983,2263.000,10.000
984,2013.000,10.300
985,1762.800,7.600
986,1512.800,8.300
987,1262.800,7.800
988,1013.000,6.000
989,762.800,6.800
990,513.200,5.900
991,263.100,5.900
992,13.000,8.500
993,7863.200,6.500
994,7613.100,6.100
995,7363.400,6.100
996,7113.200,7.000
997,6863.000,7.300
998,6613.400,5.900
999,6363.300,7.700
1000,6113.600,6.100
1001,5863.400,7.800
1002,5613.500,7.500
1003,5363.500,6.100
1004,5113.400,6.400
1005,4863.600,11.900
1006,4613.300,7.800
1007,4363.300,10.000
1008,4113.400,8.200
1009,3863.700,8.600
1010,3613.400,8.500
1011,3363.600,8.500
1012,3113.400,8.900
1013,2863.800,10.200
1014,2613.800,8.300
1015,2363.900,8.300
1016,2113.900,9.000
1017,1863.800,9.900
1018,1613.500,8.600
1019,1363.700,8.600
1020,1113.600,8.700
1021,863.800,8.900
1022,613.800,8.500
1023,363.800,8.100
1024,114.100,8.400
1025,7945.900,9.100
1026,7696.100,8.900
1027,7446.500,8.800
1028,7196.400,9.500
1029,6946.300,10.000
1030,6696.400,13.200
1031,6446.300,9.100
1032,6196.300,8.700
1033,5941.700,9.400
1034,5696.400,8.200
1035,5446.300,8.200
1036,5196.300,7.500
1037,4946.600,7.900
1038,4696.400,8.100
1039,4446.500,8.000
1040,4196.800,8.300
1041,3946.700,16.400
1042,3696.400,8.900
1043,3446.500,8.300
1044,3196.600,8.500
1045,2946.600,10.500
1046,2696.900,8.600
1047,2446.800,8.500
1048,2196.900,8.300
1049,1946.800,10.700
1050,1696.900,11.200
1051,1446.700,11.300
1052,1196.900,10.800
1053,946.700,9.400
1054,696.600,11.000
1055,446.800,9.400
1056,197.100,8.400
1057,8183.500,9.500
1058,7933.900,8.400
1059,7683.800,7.600
1060,7433.800,7.800
1061,7183.400,6.000
1062,6933.900,9.400
1063,6684.100,8.700
1064,6433.700,8.400
1065,6183.800,11.500
1066,5933.700,9.000
1067,5684.100,8.700
1068,5434.200,8.200
1069,5183.900,8.600
1070,4934.200,10.000
1071,4683.800,10.700
1072,4434.000,9.100
1073,4184.100,10.600
1074,3934.100,10.100
1075,3684.000,8.900
1076,3433.900,9.000
1077,3184.300,6.100
1078,2934.000,8.000
1079,2684.400,6.700
1080,2434.400,6.000
1081,2184.400,6.000
1082,1934.500,9.400
1083,1684.300,7.300
1084,1434.200,8.900
1085,1184.400,8.600
1086,934.500,8.700
1087,684.500,8.800
1088,434.700,5.900
1089,184.600,6.100
1090,8187.700,8.200
1091,7937.500,6.900
1092,7687.600,6.000
1093,7437.700,6.600
1094,7187.600,7.700
1095,6937.600,9.100
1096,6687.800,8.500
1097,6437.500,6.800
1098,6187.900,8.300
1099,5937.900,7.900
1100,5688.000,6.800
1101,5437.800,6.700
1102,5187.700,6.100
1103,4938.000,7.800
1104,4688.100,6.200
1105,4437.900,6.400
1106,4188.300,6.300
1107,3938.100,7.900
1108,3688.300,6.500
1109,3438.100,6.200
1110,3187.900,6.100
1111,2938.000,8.300
1112,2688.100,6.200
1113,2438.500,6.300
1114,2188.100,6.200
1115,1938.500,7.500
1116,1688.500,7.200
1117,1438.400,7.800
1118,1188.400,7.800
1119,938.600,9.600
1120,688.600,9.000
1121,438.500,8.600
1122,188.800,7.200
1123,8098.500,10.600
1124,7848.600,6.100
1125,7598.900,11.300
1126,7348.500,9.000
1127,7098.500,8.500
1128,6848.900,9.200
1129,6598.800,9.600
1130,6348.900,10.300
1131,6099.100,8.100
1132,5849.000,8.800
1133,5599.000,7.400
1134,5349.100,7.200
1135,5098.900,7.800
1136,4849.000,8.100
1137,4599.000,7.800
1138,4348.900,7.200
1139,4099.200,10.300
1140,3848.900,9.400
1141,3599.300,9.000
1142,3348.900,8.200
1143,3099.200,7.900
1144,2849.500,6.900
1145,2599.200,6.200
1146,2349.000,7.100
1147,2099.300,8.200
1148,1849.500,8.400
1149,1599.200,6.200
1150,1349.400,7.500
1151,1099.200,6.300
1152,849.500,6.100
1153,599.300,6.700
1154,349.500,6.700
1155,99.300,6.400
1156,8891.900,7.600
1157,8641.700,6.600
1158,8391.700,7.300
1159,8141.700,6.100
1160,7892.000,7.000
1161,7641.800,5.900
1162,7391.600,9.900
1163,7141.600,8.600
1164,6892.000,7.500
1165,6641.800,7.800
1166,6391.700,7.100
1167,6141.900,5.900
1168,5891.900,8.400
1169,5642.000,6.500
1170,5391.800,6.400
1171,5142.100,5.900
1172,4892.000,7.600
1173,4642.000,6.400
1174,4392.400,6.100
1175,4142.300,5.800
1176,3892.000,6.800
1177,3642.100,7.100
1178,3392.400,7.500
1179,3142.500,6.800
1180,2892.500,8.600
1181,2642.200,7.200
1182,2392.500,6.200
1183,2142.600,7.000
1184,1892.700,8.700
1185,1642.600,7.500
1186,1392.400,7.500
1187,1142.400,8.600
1188,892.600,6.300
1189,642.600,6.100
1190,392.600,6.300
1191,142.600,6.500
1192,8063.300,8.900
1193,7813.300,8.300
1194,7563.600,7.300
1195,7313.800,6.500
1196,7063.500,6.800
1197,6813.900,5.900
1198,6564.000,7.600
1199,6313.800,43.000
1200,6063.900,30.200
1201,5813.600,7.300
1202,5564.100,6.300
1203,5313.700,6.600
1204,5063.900,7.200
1205,4814.100,6.100
1206,4563.900,9.900
1207,4313.700,8.100
1208,4064.100,10.700
1209,3814.000,9.400
1210,3563.800,10.800
1211,3314.100,11.600
1212,3063.800,11.200
1213,2814.200,9.900
1214,2564.000,8.300
1215,2314.100,8.500
1216,2064.200,8.800
1217,1814.100,10.000
1218,1564.400,9.200
1219,1314.100,9.400
1220,1064.500,14.200
1221,814.300,9.800
1222,564.400,7.800
1223,314.300,7.800
1224,64.300,8.600
1225,8019.200,10.000
1226,7769.200,9.500
1227,7519.200,8.700
1228,7269.500,9.500
1229,7019.300,8.800
1230,6769.300,8.900
1231,6519.700,11.300
1232,6269.400,10.400
1233,6019.300,9.900
1234,5769.200,8.600
1235,5519.400,8.200
1236,5269.600,8.900
1237,5019.800,9.300
1238,4769.600,8.100
1239,4519.800,7.700
1240,4269.700,8.400
1241,4019.500,10.600
1242,3769.800,9.500
1243,3519.700,8.900
1244,3269.700,8.300
1245,3019.500,8.500
1246,2770.000,11.300
1247,2519.700,8.400
1248,2269.900,8.000
1249,2019.900,11.100
1250,1769.800,9.400
1251,1520.100,10.700
1252,1270.100,8.600
1253,1019.900,8.600
1254,769.900,9.200
1255,519.900,8.700
1256,269.900,7.900
1257,19.800,8.000
1258,8014.400,9.400
1259,7764.200,8.800
1260,7514.100,8.400
1261,7264.300,8.500
1262,7014.400,8.800
1263,6764.500,6.000
1264,6514.300,5.800
1265,6264.400,6.500
1266,6014.300,6.800
1267,5764.600,7.000
1268,5514.400,6.200
1269,5264.600,5.900
1270,5014.500,8.400
1271,4764.400,7.200
1272,4514.700,6.900
1273,4245.800,10.200
1274,4014.800,8.600
1275,3758.000,3.900
1276,3514.600,5.900
1277,3264.500,5.800
1278,3007.600,8.000
1279,2765.000,6.600
1280,2514.900,6.000
1281,2264.700,5.800
1282,2014.600,7.600
1283,1764.700,7.100
1284,1515.100,5.900
1285,1264.900,6.400
1286,1015.000,7.100
1287,765.000,8.200
1288,514.900,6.800
1289,265.000,6.400
1290,13.800,13.100
1291,7987.800,8.400
1292,7738.100,7.200
1293,7488.100,6.000
1294,7216.900,14.200
1295,6972.400,9.800
1296,6738.100,7.700
1297,6488.100,8.900
1298,6238.400,8.800
1299,5988.400,6.900
1300,5738.200,5.800
1301,5486.600,6.000
1302,5238.500,5.800
1303,4988.300,7.000
1304,4738.400,6.400
1305,4488.400,5.800
1306,4238.300,6.100
1307,3988.600,8.200
1308,3738.400,5.900
1309,3488.900,10.400
1310,3238.500,5.700
1311,2944.200,8.700
1312,2738.400,6.800
1313,2488.800,5.900
1314,2238.600,6.000
1315,1989.000,7.000
1316,1738.800,7.100
1317,1433.800,11.400
1318,1206.800,9.200
1319,985.500,6.400
1320,739.000,9.800
1321,488.900,9.600
1322,238.700,9.300
1323,8288.600,12.200
1324,8033.200,10.500
1325,7788.600,9.500
1326,7538.600,8.700
1327,7288.700,8.800
1328,7038.500,9.100
1329,6788.300,8.100
1330,6538.600,10.500
1331,6288.600,9.400
1332,6038.500,18.000
1333,5788.500,9.400
1334,5538.500,8.600
1335,5288.600,8.200
1336,5039.000,10.400
1337,4788.900,9.200
1338,4539.000,6.800
1339,4288.700,8.700
1340,4038.700,8.900
1341,3788.700,16.500
1342,3538.900,9.300
1343,3288.600,8.700
1344,3039.000,10.200
1345,2789.100,9.500
1346,2539.000,9.300
1347,2289.000,9.000
1348,2039.200,8.400
1349,1789.200,9.900
1350,1539.300,9.100
1351,1283.400,8.400
1352,1039.200,6.300
1353,789.300,7.100
1354,539.200,6.300
1355,289.200,6.500
1356,39.000,5.900
1357,8471.300,8.100
1358,8221.400,7.000
1359,7971.100,7.600
1360,7721.600,6.500
1361,7471.300,9.400
1362,7221.400,6.900
1363,6971.400,9.200
1364,6721.500,7.400
1365,6471.300,9.100
1366,6219.400,10.800
1367,5971.300,6.200
1368,5721.500,7.200
1369,5471.500,7.000
1370,5221.900,10.400
1371,4971.400,8.300
1372,4721.400,7.000
1373,4471.500,8.300
1374,4221.700,11.500
1375,3971.900,7.800
1376,3721.900,5.800
1377,3471.800,6.200
1378,3221.800,6.300
1379,2972.100,7.600
1380,2721.700,8.100
1381,2471.700,6.200
1382,2222.000,12.400
1383,1972.100,8.800
1384,1721.800,5.500
1385,1472.100,7.900
1386,1222.100,7.900
1387,971.900,5.800
1388,722.300,7.000
1389,469.600,6.300
1390,222.000,6.400
1391,8193.300,7.800
1392,7943.800,8.800
1393,7693.800,7.300
1394,7443.300,5.900
1395,7193.700,6.400
1396,6943.600,6.900
1397,6693.800,9.800
1398,6443.500,6.000
1399,6193.800,8.400
1400,5943.600,7.400
1401,5693.800,6.200
1402,5443.800,5.900
1403,5194.100,8.100
1404,4944.100,8.700
1405,4693.700,8.100
1406,4443.800,9.100
1407,4193.800,8.100
1408,3944.100,8.200
1409,3693.900,8.700
1410,3443.900,8.400
1411,3193.900,6.900
1412,2944.200,7.700
1413,2694.200,6.200
1414,2444.200,6.300
1415,2194.000,6.200
1416,1943.900,24.400
1417,1694.100,7.500
1418,1444.400,6.800
1419,1194.000,5.800
1420,944.400,6.900
1421,694.400,6.000
1422,444.500,6.000
1423,194.100,6.400
1424,8122.500,6.300
1425,7872.700,6.100
1426,7622.600,6.000
1427,7372.700,6.600
1428,7122.900,7.800
1429,6873.100,7.700
1430,6623.000,7.400
1431,6372.700,6.900
1432,6123.000,10.800
1433,5872.800,8.000
1434,5622.700,5.000
1435,5373.100,7.900
1436,5122.900,5.600
1437,4872.800,6.200
1438,4623.100,5.900
1439,4373.000,6.400
1440,4123.200,6.300
1441,3873.100,7.100
1442,3623.300,6.100
1443,3373.000,5.700
1444,3123.400,5.700
1445,2873.400,9.800
1446,2623.300,7.100
1447,2373.400,6.200
1448,2123.100,5.800
1449,1873.400,6.700
1450,1623.200,9.000
1451,1373.200,7.300
1452,1123.200,7.000
1453,873.500,7.000
1454,623.600,8.300
1455,373.500,7.000
1456,123.200,6.000
1457,8012.400,7.000
1458,7762.100,5.800
1459,7512.500,7.300
1460,7262.200,8.300
1461,7012.700,6.800
1462,6762.500,6.200
1463,6512.400,6.900
1464,6262.400,6.000
1465,6012.300,8.000
1466,5762.600,6.500
1467,5512.300,6.700
1468,5262.700,6.400
1469,5012.800,8.200
1470,4762.700,7.500
1471,4512.500,9.500
1472,4263.000,7.100
1473,4012.800,9.800
1474,3762.900,7.600
1475,3512.600,7.500
1476,3263.000,6.600
1477,3012.800,7.800
1478,2762.700,8.800
1479,2512.600,7.800
1480,2262.900,6.600
1481,2013.200,4.200
1482,1762.700,7.300
1483,1513.200,8.400
1484,1262.800,8.000
1485,1013.200,5.400
1486,762.800,7.800
1487,513.300,6.300
1488,263.100,6.300
1489,13.000,6.600
1490,8013.200,8.400
1491,7763.400,6.900
1492,7513.700,6.200
1493,7263.300,6.400
1494,7013.500,8.400
1495,6763.400,7.000
1496,6513.400,8.000
1497,6263.300,7.400
1498,6013.300,9.400
1499,5763.600,7.100
1500,5513.400,4.900
1501,5263.600,9.400
1502,5013.700,8.200
1503,4763.700,8.700
1504,4513.400,7.100
1505,4263.900,5.900
1506,4013.700,8.200
1507,3764.000,6.600
1508,3513.900,5.900
1509,3263.700,5.900
1510,3013.900,5.700
1511,2764.000,8.800
1512,2514.000,6.400
1513,2264.100,6.400
1514,2013.700,6.400
1515,1764.200,8.300
1516,1514.100,6.600
1517,1264.100,9.200
1518,1014.100,8.400
1519,764.300,7.200
1520,514.100,7.900
1521,264.100,7.100
1522,14.300,9.100
1523,8013.100,9.200
1524,7763.200,7.400
1525,7513.200,6.100
1526,7263.600,6.200
1527,7013.400,8.000
1528,6763.700,6.100
1529,6513.500,6.000
1530,6263.300,7.900
1531,6013.300,6.800
1532,5763.700,6.700
1533,5513.800,6.300
1534,5263.600,6.100
1535,5013.700,8.500
1536,4763.400,7.400
1537,4513.500,6.200
1538,4263.900,6.400
1539,4013.800,10.800
1540,3763.400,10.000
1541,3513.700,10.000
1542,3263.800,7.700
1543,3013.600,8.800
1544,2764.000,8.900
1545,2514.000,8.300
1546,2264.200,8.000
1547,2013.800,9.600
1548,1763.800,8.500
1549,1513.900,8.400
1550,1263.900,8.100
1551,1013.800,17.500
1552,764.300,8.400
1553,513.900,8.400
1554,263.900,8.300
1555,14.300,9.100
1556,8048.400,9.600
1557,7798.400,8.600
1558,7548.800,8.400
1559,7298.700,8.700
1560,7048.700,10.600
1561,6798.900,44.900
1562,6548.700,12.600
1563,6298.700,11.100
1564,6048.600,11.500
1565,5798.600,8.800
1566,5548.800,7.700
1567,5298.700,7.500
1568,5048.600,8.400
1569,4798.700,8.300
1570,4548.700,10.300
1571,4298.700,8.800
1572,4049.100,9.800
1573,3798.900,8.900
1574,3549.100,8.400
1575,3298.700,8.400
1576,3048.900,11.300
1577,2799.100,10.800
1578,2549.100,9.500
1579,2299.100,9.800
1580,2049.000,11.500
1581,1799.000,10.900
1582,1549.200,11.200
1583,1299.500,10.000
1584,1049.300,9.200
1585,799.400,11.400
1586,549.400,10.000
1587,299.100,8.400
1588,49.100,6.200
1589,8102.900,7.900
1590,7853.000,6.000
1591,7602.900,5.700
1592,7353.400,6.100
1593,7103.400,6.900
1594,6853.000,6.400
1595,6603.100,6.100
1596,6353.000,5.900
1597,6103.300,6.100
1598,5853.200,6.300
1599,5603.600,8.000
1600,5353.300,8.000
1601,5103.700,7.600
1602,4853.300,9.100
1603,4603.700,6.700
1604,4353.300,6.300
1605,4103.400,9.300
1606,3853.700,9.200
1607,3603.300,8.700
1608,3353.600,6.700
1609,3103.800,8.800
1610,2853.800,8.000
1611,2603.600,6.700
1612,2353.600,6.500
1613,2103.900,6.000
1614,1853.800,7.800
1615,1603.800,7.400
1616,1354.000,6.700
1617,1103.800,6.100
1618,854.100,7.500
1619,603.800,5.900
1620,354.200,5.900
1621,103.700,5.700
1622,8050.200,5.400
1623,7799.900,6.300
1624,7550.300,5.900
1625,7300.100,5.800
1626,7050.000,8.400
1627,6800.500,7.100
1628,6550.300,6.700
1629,6300.500,6.700
1630,6050.600,7.600
1631,5800.300,8.000
1632,5550.200,7.500
1633,5300.500,6.300
1634,5050.500,8.000
1635,4800.400,8.200
1636,4550.500,6.900
1637,4300.400,6.200
1638,4050.700,5.900
1639,3800.300,7.500
1640,3550.400,6.700
1641,3300.500,6.100
1642,3050.400,7.200
1643,2800.600,8.500
1644,2550.700,7.700
1645,2300.600,7.200
1646,2050.500,8.600
1647,1800.700,8.600
1648,1550.800,7.500
1649,1301.000,9.500
1650,1051.100,7.500
1651,801.000,7.500
1652,550.600,8.500
1653,300.800,6.400
1654,50.900,6.000
1655,8038.900,7.400
1656,7788.600,6.100
1657,7539.400,5.900
1658,7289.200,5.900
1659,7039.400,6.400
1660,6789.200,6.000
1661,6539.100,7.900
1662,6289.100,6.100
1663,6039.400,8.100
1664,5789.200,6.900
1665,5539.100,7.900
1666,5289.400,6.100
1667,5039.600,7.200
1668,4789.200,7.600
1669,4539.400,6.200
1670,4289.400,6.000
1671,4039.400,6.900
1672,3789.700,8.800
1673,3539.700,7.300
1674,3289.400,7.500
1675,3039.500,6.600
1676,2789.400,7.200
1677,2540.000,6.800
1678,2289.900,5.700
1679,2039.700,7.700
1680,1789.800,8.300
1681,1539.800,6.400
1682,1289.600,7.300
1683,1039.900,8.300
1684,789.700,7.600
1685,540.000,6.100
1686,290.200,6.000
1687,40.000,6.300
1688,8010.700,8.500
1689,7760.600,8.800
1690,7510.600,7.300
1691,7260.700,6.300
1692,7011.100,6.900
1693,6760.700,5.800
1694,6510.600,5.900
1695,6260.700,7.100
1696,6010.900,7.000
1697,5761.100,6.700
1698,5510.900,7.300
1699,5261.300,6.300
1700,5011.200,5.800
1701,4760.900,5.700
1702,4510.900,6.100
1703,4261.400,6.800
1704,4011.000,7.300
1705,3761.000,7.700
1706,3511.100,6.000
1707,3261.100,6.000
1708,3011.500,8.500
1709,2761.500,8.100
1710,2511.500,6.400
1711,2261.400,6.600
1712,2011.500,6.600
1713,1761.100,6.700
1714,1511.200,7.500
1715,1261.600,6.900
1716,1011.700,6.100
1717,761.600,6.800
1718,511.200,7.600
1719,261.600,7.600
1720,11.500,10.700
1721,7973.000,7.400
1722,7723.400,6.100
1723,7473.100,6.700
1724,7223.300,6.100
1725,6973.100,7.600
1726,6723.500,6.000
1727,6473.300,6.500
1728,6223.400,5.900
1729,5973.300,7.000
1730,5723.600,6.200
1731,5473.400,5.700
1732,5223.200,5.600
1733,4973.500,7.100
1734,4723.300,6.700
1735,4473.500,6.100
1736,4223.700,6.000
1737,3973.700,6.400
1738,3723.600,4.800
1739,3473.600,9.700
1740,3223.600,5.900
1741,2973.600,7.100
1742,2723.900,6.900
1743,2474.000,6.600
1744,2223.900,6.100
1745,1973.600,10.200
1746,1724.000,6.000
1747,1473.800,6.400
1748,1223.600,6.200
1749,973.600,7.000
1750,724.100,7.800
1751,474.100,7.600
1752,223.800,6.800
1753,8210.900,6.100
1754,7960.800,5.800
1755,7689.900,6.300
1756,7461.300,6.000
1757,7211.000,7.100
1758,6961.500,8.200
1759,6711.300,7.000
1760,6461.200,6.100
1761,6211.300,10.700
1762,5961.400,10.000
1763,5711.600,7.800
1764,5461.300,7.500
1765,5211.500,6.500
1766,4948.700,49.100
1767,4711.500,7.300
1768,4461.600,8.200
1769,4211.400,9.300
1770,3961.500,8.200
1771,3711.900,6.300
1772,3461.700,5.800
1773,3207.400,5.800
1774,2961.600,6.900
1775,2711.500,6.000
1776,2461.900,5.800
1777,2211.800,5.700
1778,1961.900,7.900
1779,1711.700,6.700
1780,1462.000,6.100
1781,1211.600,5.800
1782,962.100,6.900
1783,711.800,6.800
1784,461.800,8.200
1785,212.200,7.200
1786,8205.700,5.200
1787,7956.000,7.900
1788,7706.100,5.800
1789,7456.100,6.000
1790,7206.100,6.200
1791,6956.200,7.000
1792,6706.200,5.900
1793,6456.100,5.600
1794,6206.100,5.800
1795,5956.000,6.500
1796,5706.000,5.800
1797,5456.500,6.300
1798,5206.400,6.600
1799,4956.100,7.800
1800,4706.000,6.000
1801,4456.500,5.900
1802,4206.500,5.700
1803,3956.500,7.100
1804,3706.300,10.900
1805,3456.400,6.100
1806,3206.300,9.600
1807,2956.700,8.300
1808,2706.500,7.500
1809,2456.800,5.900
1810,2206.700,8.100
1811,1956.300,7.100
1812,1706.600,6.200
1813,1456.500,5.900
1814,1206.700,5.700
1815,956.500,4.600
1816,706.700,7.300
1817,456.800,6.300
1818,206.700,6.200
1819,8414.300,4.900
1820,8164.200,6.500
1821,7914.500,4.800
1822,7664.300,6.300
1823,7414.300,6.600
1824,7164.300,7.300
1825,6914.400,6.000
1826,6664.700,5.700
1827,6414.600,7.000
1828,6164.800,8.700
1829,5914.500,9.700
1830,5664.800,7.500
1831,5414.400,9.000
1832,5164.700,7.700
1833,4914.800,6.000
1834,4664.700,5.800
1835,4414.600,6.400
1836,4165.000,7.600
1837,3914.900,6.100
1838,3664.800,6.400
1839,3414.900,7.500
1840,3164.600,8.300
1841,2914.900,6.000
1842,2664.800,6.500
1843,2415.000,6.300
1844,2164.900,9.200
1845,1914.800,6.500
1846,1665.000,6.200
1847,1415.000,6.000
1848,1164.900,6.000
1849,915.200,8.700
1850,664.900,7.500
1851,415.100,7.700
1852,165.000,7.300
1853,8110.300,8.200
1854,7860.100,6.500
1855,7610.000,6.100
1856,7359.900,5.700
1857,7110.100,7.400
1858,6860.300,7.900
1859,6610.100,5.900
1860,6360.200,6.300
1861,6110.500,4.600
1862,5860.400,7.200
1863,5610.400,6.200
1864,5360.400,6.200
1865,5110.400,7.300
1866,4860.400,7.000
1867,4610.300,6.000
1868,4360.400,6.000
1869,4110.600,6.600
1870,3860.700,8.000
1871,3610.400,8.300
1872,3360.600,8.700
1873,3110.700,9.000
1874,2860.800,7.800
1875,2610.900,6.400
1876,2360.800,7.800
1877,2110.400,6.600
1878,1860.600,7.400
1879,1610.900,9.000
1880,1360.900,6.600
1881,1110.900,6.000
1882,861.100,9.700
1883,611.000,7.100
1884,360.800,8.100
1885,111.000,7.200
1886,8210.500,7.000
1887,7960.500,6.400
1888,7710.400,6.200
1889,7460.900,6.700
1890,7211.000,7.400
1891,6961.000,6.600
1892,6711.000,6.200
1893,6461.000,7.200
1894,6211.200,6.500
1895,5960.900,10.100
1896,5711.100,9.900
1897,5460.900,8.900
1898,5210.900,8.500
1899,4961.100,8.900
1900,4711.100,10.000
1901,4461.200,6.800
1902,4211.300,8.500
1903,3961.000,7.800
1904,3711.300,6.100
1905,3461.000,6.100
1906,3211.500,5.800
1907,2961.400,7.400
1908,2711.200,6.900
1909,2461.100,6.100
1910,2211.100,6.100
1911,1961.200,8.200
1912,1711.200,8.400
1913,1461.500,6.700
1914,1211.400,6.400
1915,961.200,8.600
1916,711.300,9.000
1917,461.600,8.800
1918,211.500,8.700
1919,8167.100,7.000
1920,7917.300,9.300
1921,7667.500,9.900
1922,7417.400,9.100
1923,7167.500,8.600
1924,6917.300,9.000
1925,6667.400,7.600
1926,6417.600,6.100
1927,6167.800,7.000
1928,5917.700,9.100
1929,5667.800,8.900
1930,5417.900,7.100
1931,5167.800,6.200
1932,4917.500,8.300
1933,4667.800,6.500
1934,4417.800,5.900
1935,4168.100,6.600
1936,3917.700,8.300
1937,3668.000,7.000
1938,3417.700,6.500
1939,3168.100,8.600
1940,2917.900,7.200
1941,2668.100,9.200
1942,2418.100,8.200
1943,2167.900,6.600
1944,1917.800,7.600
1945,1668.100,6.100
1946,1417.800,6.200
1947,1168.200,6.500
1948,918.200,5.600
1949,668.300,6.600
1950,418.200,7.600
1951,168.300,8.200
1952,8304.100,7.600
1953,8054.200,6.900
1954,7804.400,5.900
1955,7554.200,5.800
1956,7304.000,8.000
1957,7054.300,6.100
1958,6804.300,4.100
1959,6554.400,8.800
1960,6304.600,8.300
1961,6054.600,7.900
1962,5804.500,8.800
1963,5554.700,7.800
1964,5304.700,6.200
1965,5054.400,8.700
1966,4804.700,6.900
1967,4554.700,6.100
1968,4304.600,6.000
1969,4054.600,6.700
1970,3804.900,6.400
1971,3554.700,5.900
1972,3304.600,5.900
1973,3054.800,7.100
1974,2804.900,8.400
1975,2554.700,6.300
1976,2304.700,5.900
1977,2055.000,7.900
1978,1804.800,7.500
1979,1555.100,6.100
1980,1305.100,6.000
1981,1055.000,5.900
1982,804.900,8.900
1983,555.100,7.200
1984,305.200,8.500
1985,55.200,6.400
1986,7928.900,6.500
1987,7679.300,6.100
1988,7429.200,5.900
1989,7179.200,5.700
1990,6929.100,7.800
1991,6679.100,5.900
1992,6429.600,5.900
1993,6179.400,5.700
1994,5929.600,8.100
1995,5679.700,6.300
1996,5429.300,6.200
1997,5179.300,6.200
1998,4929.800,6.300
1999,4679.500,8.800
2000,4429.400,7.400
2001,4179.700,6.500
2002,3929.500,8.800
2003,3679.700,6.000
2004,3429.600,7.300
2005,3179.800,6.100
2006,2929.500,9.200
2007,2679.500,8.100
2008,2430.000,7.100
2009,2179.900,8.600
2010,1930.000,7.900
2011,1679.600,6.200
2012,1429.800,6.400
2013,1179.700,6.600
2014,929.900,6.800
2015,679.900,8.000
2016,430.100,8.500
2017,180.000,6.700
2018,8201.700,6.600
2019,7952.000,6.000
2020,7701.900,5.700
2021,7452.400,5.700
2022,7202.200,8.400
2023,6952.400,7.900
2024,6702.100,7.000
2025,6452.400,6.100
2026,6202.000,8.900
2027,5952.100,8.600
2028,5702.600,7.600
2029,5452.300,8.200
2030,5202.500,7.500
2031,4952.200,6.000
2032,4702.700,7.500
2033,4452.700,6.600
2034,4202.400,6.200
2035,3952.600,8.700
2036,3702.400,5.900
2037,3452.300,5.700
2038,3202.300,5.800
2039,2952.600,6.900
2040,2702.700,6.600
2041,2452.600,6.000
2042,2202.500,5.900
2043,1952.600,7.800
2044,1702.700,6.500
2045,1452.500,6.600
2046,1202.600,6.100
2047,952.500,7.900
2048,702.900,8.500
2049,452.700,6.200
2050,202.900,8.200
2051,8062.500,8.300
2052,7812.800,8.300
2053,7562.900,8.500
2054,7312.400,8.000
2055,7062.900,7.300
2056,6813.000,6.400
2057,6562.900,6.400
2058,6312.600,6.100
2059,6063.100,7.200
2060,5812.800,6.400
2061,5563.100,6.000
2062,5312.900,5.600
2063,5062.800,7.800
2064,4812.900,7.000
2065,4563.100,5.800
2066,4313.000,5.900
2067,4062.800,6.300
2068,3813.300,6.300
2069,3563.000,6.000
2070,3313.200,5.800
2071,3062.900,7.300
2072,2813.300,5.700
2073,2562.900,8.000
2074,2313.400,7.000
2075,2063.400,6.200
2076,1813.100,8.900
2077,1563.000,7.900
2078,1313.400,6.000
2079,1063.200,9.300
2080,813.200,7.900
2081,563.300,6.600
2082,313.300,5.900
2083,63.100,5.600
2084,7977.900,8.400
2085,7727.900,7.000
2086,7477.800,6.000
2087,7227.700,6.200
2088,6977.600,7.100
2089,6727.900,8.700
2090,6477.700,7.100
2091,6227.800,6.800
2092,5978.200,8.000
2093,5728.200,6.300
2094,5478.100,6.100
2095,5227.900,6.800
2096,4978.100,6.900
2097,4727.900,8.100
2098,4478.200,7.700
2099,4228.200,5.800
2100,3978.200,7.300
2101,3727.900,6.400
2102,3478.100,7.000
2103,3228.200,6.300
2104,2978.000,7.200
2105,2728.400,6.300
2106,2478.400,6.200
2107,2228.300,5.900
2108,1978.200,7.700
2109,1728.600,7.800
2110,1478.600,6.400
2111,1228.400,6.400
2112,978.600,10.700
2113,728.200,6.200
2114,478.600,6.200
2115,228.300,6.700
2116,8338.900,8.700
2117,8089.000,8.300
2118,7838.900,8.200
2119,7589.100,5.200
2120,7339.200,7.800
2121,7089.400,7.500
2122,6839.100,5.900
2123,6589.100,6.200
2124,6339.500,4.000
2125,6089.300,8.300
2126,5839.100,7.100
2127,5589.700,6.200
2128,5339.600,6.300
2129,5089.300,6.200
2130,4839.700,6.000
2131,4589.500,5.700
2132,4339.400,6.000
2133,4089.300,8.200
2134,3839.500,7.200
2135,3589.400,6.000
2136,3339.600,6.300
2137,3089.700,8.300
2138,2839.500,9.100
2139,2589.900,8.300
2140,2339.500,8.700
2141,2090.000,6.500
2142,1839.500,8.000
2143,1589.800,6.900
2144,1340.100,6.100
2145,1089.700,6.200
2146,839.700,9.200
2147,589.800,9.300
2148,339.900,6.000
2149,90.200,6.100
2150,8082.500,6.500
2151,7832.400,5.500
2152,7582.300,6.400
2153,7332.700,6.200
2154,7082.700,8.200
2155,6832.500,7.100
2156,6582.700,6.100
2157,6332.400,6.100
2158,6082.400,8.400
2159,5832.400,8.400
2160,5582.600,6.400
2161,5332.900,6.400
2162,5082.600,10.200
2163,4832.900,7.500
2164,4582.700,6.500
2165,4332.800,5.400
2166,4083.000,7.200
2167,3832.600,8.700
2168,3582.900,7.200
2169,3333.000,7.100
2170,3082.600,6.400
2171,2832.800,8.200
2172,2582.800,6.200
2173,2333.100,7.800
2174,2083.000,6.000
2175,1833.200,8.200
2176,1583.300,6.100
2177,1333.100,6.400
2178,1083.200,6.200
2179,833.400,7.500
2180,583.200,6.200
2181,332.900,6.300
2182,83.300,6.300
2183,8063.200,6.900
2184,7812.800,6.500
2185,7563.100,7.100
2186,7313.200,6.100
2187,7063.100,7.300
2188,6813.100,5.900
2189,6563.100,6.000
2190,6313.300,5.900
2191,6063.000,7.700
2192,5813.400,6.000
2193,5563.400,5.700
2194,5313.400,5.800
2195,5063.300,6.300
2196,4813.500,6.200
2197,4563.400,6.300
2198,4313.300,6.000
2199,4063.200,7.400
2200,3813.200,6.700
2201,3563.200,6.200
2202,3313.600,5.800
2203,3063.400,7.200
2204,2813.300,7.200
2205,2563.300,5.800
2206,2313.600,10.100
2207,2063.400,24.700
2208,1813.300,7.300
2209,1563.600,11.300
2210,1313.800,6.300
2211,1063.800,5.900
2212,813.600,7.100
2213,563.800,6.400
2214,313.600,6.000
2215,63.800,5.800
2216,7929.500,7.200
2217,7679.800,6.000
2218,7429.700,6.900
2219,7179.600,6.100
2220,6929.800,6.500
2221,6679.600,6.400
2222,6429.800,5.900
2223,6179.700,6.100
2224,5930.200,8.200
2225,5680.100,6.500
2226,5429.900,6.100
2227,5179.900,6.100
2228,4930.000,8.500
2229,4679.800,7.600
2230,4430.300,6.200
2231,4180.000,5.900
2232,3930.200,7.400
2233,3680.200,5.900
2234,3430.200,6.300
2235,3180.100,5.900
2236,2930.400,7.100
2237,2680.400,6.300
2238,2430.500,6.600
2239,2180.600,8.800
2240,1930.400,8.300
2241,1680.200,7.100
2242,1430.600,8.300
2243,1180.500,6.600
2244,930.400,6.500
2245,680.300,5.900
2246,430.600,6.100
2247,180.800,6.300
2248,8160.700,8.100
2249,7911.200,8.300
2250,7660.800,8.500
2251,7411.200,7.400
2252,7161.400,7.700
2253,6911.100,4.500
2254,6661.500,5.100
2255,6411.400,6.700
2256,6161.300,6.800
2257,5911.300,7.700
2258,5661.700,9.300
2259,5411.500,6.700
2260,5161.400,8.000
2261,4911.700,6.500
2262,4661.600,6.100
2263,4411.300,5.800
2264,4161.900,5.800
2265,3911.700,6.700
2266,3661.600,6.100
2267,3411.500,6.000
2268,3162.000,5.900
2269,2911.600,10.100
2270,2661.800,8.700
2271,2412.000,8.800
2272,2162.100,6.400
2273,1911.900,6.900
2274,1662.000,9.600
2275,1412.100,7.500
2276,1161.900,9.500
2277,911.700,7.800
2278,661.900,6.100
2279,412.100,6.500
2280,162.000,5.600
2281,8127.300,8.400
2282,7877.400,8.500
2283,7627.200,8.800
2284,7377.500,7.300
2285,7127.300,6.400
2286,6877.600,6.300
2287,6627.700,5.800
2288,6377.600,5.800
2289,6127.500,6.500
2290,5877.800,6.900
2291,5627.700,6.200
2292,5377.800,5.800
2293,5127.600,6.700
2294,4877.900,8.800
2295,4627.600,8.400
2296,4377.500,8.200
2297,4128.000,9.700
2298,3877.500,9.000
2299,3627.600,6.600
2300,3377.600,8.100
2301,3128.100,6.600
2302,2877.900,6.500
2303,2628.000,6.000
2304,2377.800,5.800
2305,2128.100,5.700
2306,1878.000,6.600
2307,1628.200,6.200
2308,1378.300,5.600
2309,1128.200,5.700
2310,877.800,4.600
2311,628.200,7.600
2312,378.000,7.100
2313,128.300,6.200
2314,8164.500,8.100
2315,7914.800,7.100
2316,7664.900,6.200
2317,7414.500,7.000
2318,7165.000,8.200
2319,6914.800,7.800
2320,6664.600,9.700
2321,6414.900,8.200
2322,6164.700,20.400
2323,5914.700,9.500
2324,5665.000,6.400
2325,5415.100,5.800
2326,5165.000,5.700
2327,4915.300,8.500
2328,4665.300,6.500
2329,4415.400,9.100
2330,4165.400,7.100
2331,3914.900,7.600
2332,3665.300,6.100
2333,3415.500,6.000
2334,3165.300,6.300
2335,2915.400,6.000
2336,2665.100,8.500
2337,2415.400,6.100
2338,2165.200,6.000
2339,1915.200,7.600
2340,1665.600,8.100
2341,1415.300,10.400
2342,1165.700,10.200
2343,915.300,8.500
2344,665.500,6.900
2345,415.800,6.000
2346,165.700,6.300
2347,8156.300,6.700
2348,7906.700,6.700
2349,7656.700,5.700
2350,7406.700,5.900
2351,7156.900,5.400
2352,6906.800,6.500
2353,6656.800,5.900
2354,6406.600,6.000
2355,6157.000,6.000
2356,5906.800,6.600
2357,5656.800,6.100
2358,5406.800,7.300
2359,5157.000,8.400
2360,4906.800,8.000
2361,4656.900,8.900
2362,4406.800,7.400
2363,4157.000,6.500
2364,3906.800,8.300
2365,3657.300,9.300
2366,3407.300,8.400
2367,3157.100,7.200
2368,2907.100,6.100
2369,2656.900,6.000
2370,2407.000,8.000
2371,2157.000,6.900
2372,1907.400,8.000
2373,1657.400,6.600
2374,1407.300,6.300
2375,1157.100,5.900
2376,907.300,7.700
2377,657.200,6.200
2378,407.100,5.900
2379,157.300,6.600
2380,8224.800,7.800
2381,7974.500,6.200
2382,7724.700,6.200
2383,7474.800,6.400
2384,7224.800,7.900
2385,6974.900,8.500
2386,6724.600,8.000
2387,6474.700,8.300
2388,6224.600,7.600
2389,5974.700,8.900
2390,5724.900,7.000
2391,5474.900,5.900
2392,5224.800,9.600
2393,4974.800,6.100
2394,4725.000,6.100
2395,4475.000,5.900
2396,4225.300,6.200
2397,3975.200,6.200
2398,3725.100,5.900
2399,3474.900,8.500
2400,3225.000,7.400
2401,2975.100,8.200
2402,2724.900,9.100
2403,2475.400,8.000
2404,2225.200,6.600
2405,1975.100,6.100
2406,1725.500,9.000
2407,1475.500,9.200
2408,1225.600,38.700
2409,975.500,5.700
2410,725.300,6.000
2411,475.500,8.600
2412,225.300,7.300
2413,8205.800,7.700
2414,7955.900,6.100
2415,7706.000,6.600
2416,7455.900,6.300
2417,7206.100,7.500
2418,6956.200,5.800
2419,6706.200,6.700
2420,6456.000,7.000
2421,6205.900,6.200
2422,5956.300,7.200
2423,5706.300,6.100
2424,5456.300,6.200
2425,5206.100,8.000
2426,4956.200,7.100
2427,4706.400,6.100
2428,4456.200,6.600
2429,4206.500,7.100
2430,3956.600,7.000
2431,3706.400,6.800
2432,3456.300,6.400
2433,3206.400,9.100
2434,2956.800,8.900
2435,2706.300,7.200
2436,2456.600,6.900
2437,2206.500,6.600
2438,1956.800,6.400
2439,1706.700,8.100
2440,1456.900,6.200
2441,1206.800,6.400
2442,956.500,8.300
2443,706.900,7.900
2444,456.700,6.200
2445,206.500,6.700
2446,8207.600,6.500
2447,7957.700,7.400
2448,7707.500,6.200
2449,7457.600,8.600
2450,7207.900,7.600
2451,6957.300,9.900
2452,6707.800,6.800
2453,6457.800,6.800
2454,6207.800,6.600
2455,5958.000,7.900
2456,5708.200,6.300
2457,5457.900,8.600
2458,5208.200,6.900
2459,4958.100,6.200
2460,4708.000,6.000
2461,4457.900,5.700
2462,4208.000,6.700
2463,3958.000,6.300
2464,3708.300,5.800
2465,3458.300,5.700
2466,3208.300,6.100
2467,2958.200,6.600
2468,2708.000,6.200
2469,2458.200,6.400
2470,2208.500,6.600
2471,1958.100,6.300
2472,1708.100,9.500
2473,1458.200,7.300
2474,1208.700,6.400
2475,958.500,9.000
2476,708.200,9.200
2477,458.600,9.700
2478,208.700,8.000
2479,8130.800,7.800
2480,7880.800,8.600
2481,7631.200,7.600
2482,7381.100,6.900
2483,7131.100,6.300
2484,6880.700,8.900
2485,6631.000,7.100
2486,6381.300,6.200
2487,6131.000,6.300
2488,5881.200,8.400
2489,5631.400,8.700
2490,5381.300,7.200
2491,5131.000,6.400
2492,4881.400,7.700
2493,4631.500,6.600
2494,4381.400,6.400
2495,4131.300,6.800
2496,3881.500,8.400
2497,3631.600,8.900
2498,3381.100,8.400
2499,3131.100,6.100
2500,2881.200,6.300
2501,2631.700,6.300
2502,2381.400,7.300
2503,2131.400,6.000
2504,1881.300,6.300
2505,1631.700,6.300
2506,1381.500,5.900
2507,1131.400,6.100
2508,881.700,8.200
2509,631.800,6.900
2510,381.700,6.400
2511,131.700,5.800
2512,8122.300,8.500
2513,7872.400,6.800
2514,7622.500,6.100
2515,7372.200,6.000
2516,7122.500,6.800
2517,6872.600,8.800
2518,6622.700,7.500
2519,6372.700,9.500
2520,6122.600,5.100
2521,5872.600,6.800
2522,5622.400,6.000
2523,5372.900,5.800
2524,5122.800,8.200
2525,4872.800,7.800
2526,4622.500,6.100
2527,4372.900,6.100
2528,4122.800,7.500
2529,3872.600,7.900
2530,3622.900,8.700
2531,3373.100,7.000
2532,3123.000,5.800
2533,2872.600,7.900
2534,2623.100,6.600
2535,2372.900,6.300
2536,2123.100,5.800
2537,1872.700,8.300
2538,1622.700,8.800
2539,1373.200,8.100
2540,1123.100,10.300
2541,873.200,7.900
2542,623.000,6.400
2543,373.000,6.000
2544,123.400,5.900
2545,8025.800,6.400
2546,7775.500,5.800
2547,7525.800,5.700
2548,7275.900,6.200
2549,7025.800,7.600
2550,6775.800,6.500
2551,6525.700,8.100
2552,6276.000,7.800
2553,6025.900,5.700
2554,5775.800,7.000
2555,5525.800,7.600
2556,5275.700,6.600
2557,5025.700,7.900
2558,4776.200,7.200
2559,4525.800,8.100
2560,4276.000,6.300
2561,4026.200,6.000
2562,3775.800,7.300
2563,3526.200,8.600
2564,3276.200,6.800
2565,3025.900,7.400
2566,2776.300,10.000
2567,2525.900,6.600
2568,2276.300,9.100
2569,2026.100,13.900
2570,1775.900,10.100
2571,1526.100,6.900
2572,1276.300,6.200
2573,1026.100,7.100
2574,776.400,6.600
2575,526.300,5.900
2576,276.100,5.900
2577,26.300,6.000
2578,8058.900,7.600
2579,7808.900,6.000
2580,7558.600,6.200
2581,7308.700,6.100
2582,7059.000,7.300
2583,6808.700,8.400
2584,6558.700,7.500
2585,6308.700,6.000
2586,6059.000,6.600
2587,5808.700,7.100
2588,5559.100,6.100
2589,5309.100,5.700
2590,5059.300,5.900
2591,4808.900,6.300
2592,4559.200,6.300
2593,4309.200,5.800
2594,4059.000,7.800
2595,3809.100,6.100
2596,3559.400,6.300
2597,3309.400,5.900
2598,3055.700,7.400
2599,2809.300,9.700
2600,2559.100,8.100
2601,2309.400,7.700
2602,2059.400,8.300
2603,1809.200,7.300
2604,1559.400,6.100
2605,1309.400,7.200
2606,1059.300,8.600
2607,809.400,6.300
2608,557.500,8.600
2609,309.300,8.100
2610,59.700,9.700
2611,8016.100,6.500
2612,7766.200,5.900
2613,7516.100,5.800
2614,7266.000,6.600
2615,7016.500,6.800
2616,6766.400,9.700
2617,6516.300,6.000
2618,6266.600,5.900
2619,6016.400,8.500
2620,5766.300,6.600
2621,5516.700,5.800
2622,5266.700,6.200
2623,5016.300,7.100
2624,4766.600,6.000
2625,4516.500,6.300
2626,4266.900,6.200
2627,4016.800,8.000
2628,3766.600,9.300
2629,3516.500,7.700
2630,3266.900,6.800
2631,3016.900,9.400
2632,2766.900,8.500
2633,2516.900,6.400
2634,2266.600,5.600
2635,2016.600,5.900
2636,1766.600,6.300
2637,1517.100,5.900
2638,1266.700,7.000
2639,1016.700,8.300
2640,767.100,6.800
2641,517.200,6.000
2642,267.000,6.800
2643,16.900,6.400
2644,7955.800,8.900
2645,7705.600,6.800
2646,7455.800,7.100
2647,7205.700,5.400
2648,6955.600,7.700
2649,6705.500,7.200
2650,6456.000,7.600
2651,6205.500,8.500
2652,5955.800,6.300
2653,5705.800,7.500
2654,5456.100,7.700
2655,5205.900,6.700
2656,4955.700,7.600
2657,4705.700,6.000
2658,4455.900,6.200
2659,4205.700,6.200
2660,3956.200,7.100
2661,3706.300,8.800
2662,3456.000,6.900
2663,3205.900,6.400
2664,2955.900,8.200
2665,2706.200,6.400
2666,2456.400,6.300
2667,2206.300,7.000
2668,1956.400,8.700
2669,1706.300,7.800
2670,1456.500,8.600
2671,1206.200,8.200
2672,956.200,8.200
2673,706.200,10.800
2674,456.400,8.900
2675,206.200,7.200
2676,8451.700,8.000
2677,8201.800,6.100
2678,7951.700,11.000
2679,7701.900,6.800
2680,7452.100,8.100
2681,7201.600,8.200
2682,6951.600,8.500
2683,6702.000,8.700
2684,6452.100,8.000
2685,6201.900,7.600
2686,5951.700,6.300
2687,5702.300,7.300
2688,5452.000,6.700
2689,5202.000,7.600
2690,4951.900,9.500
2691,4701.900,7.400
2692,4452.200,6.300
2693,4202.300,7.800
2694,3951.900,7.400
2695,3702.300,9.300
2696,3452.100,9.500
2697,3202.500,7.700
2698,2952.000,7.300
2699,2702.200,9.700
2700,2452.600,8.900
2701,2202.200,8.300
2702,1952.400,7.400
2703,1702.600,6.300
2704,1452.500,5.800
2705,1202.600,5.900
2706,952.300,6.600
2707,702.500,6.400
2708,452.400,5.900
2709,202.300,5.700
2710,8202.600,7.500
2711,7952.500,8.100
2712,7702.700,7.900
2713,7452.700,6.300
2714,7203.000,7.100
2715,6952.500,8.400
2716,6703.100,6.400
2717,6452.800,8.500
2718,6202.900,13.600
2719,5952.700,10.200
2720,5703.000,8.100
2721,5452.800,6.100
2722,5203.100,5.800
2723,4953.100,9.300
2724,4703.200,6.100
2725,4452.900,5.700
2726,4203.300,5.700
2727,3953.200,6.500
2728,3703.300,5.900
2729,3453.200,6.200
2730,3203.300,6.100
2731,2953.100,7.600
2732,2703.200,6.600
2733,2453.200,5.800
2734,2203.200,6.400
2735,1953.200,6.500
2736,1703.200,6.800
2737,1453.100,6.300
2738,1203.200,6.400
2739,911.600,7.800
2740,703.400,6.100
2741,431.600,5.400
2742,194.400,7.800
2743,8170.300,7.200
2744,7919.900,6.400
2745,7670.200,5.900
2746,7420.300,5.800
2747,7165.200,7.900
2748,6920.500,6.300
2749,6670.300,6.100
2750,6420.200,5.800
2751,6170.200,5.000
2752,5920.100,6.700
2753,5670.500,5.800
2754,5420.300,6.100
2755,5170.200,6.400
2756,4920.700,6.800
2757,4670.600,5.800
2758,4405.900,7.900
2759,4170.500,6.400
2760,3920.700,8.500
2761,3614.100,5.900
2762,3420.400,8.300
2763,3143.400,7.700
2764,2920.500,8.400
2765,2670.600,6.800
2766,2420.600,5.800
2767,2171.000,5.800
2768,1920.700,6.900
2769,1670.800,6.700
2770,1420.800,6.400
2771,1171.000,5.800
2772,920.900,8.100
2773,670.900,7.100
2774,421.200,6.000
2775,171.000,6.200
2776,8299.800,8.400
2777,8049.600,7.200
2778,7799.800,6.400
2779,7549.800,6.400
2780,7299.900,7.900
2781,7049.600,7.200
2782,6799.500,6.000
2783,6516.000,8.000
2784,6299.800,7.200
2785,6049.900,5.900
2786,5800.100,6.100
2787,5549.800,5.900
2788,5300.200,6.000
2789,5050.100,6.500
2790,4800.200,6.000
2791,4550.200,5.700
2792,4300.100,3.900
2793,4050.000,7.900
2794,3800.100,6.200
2795,3550.000,6.300
2796,3300.200,6.500
2797,3050.100,7.300
2798,2799.500,6.200
2799,2550.100,5.800
2800,2275.900,7.700
2801,2050.300,7.300
2802,1800.000,6.100
2803,1550.200,5.900
2804,1300.400,5.900
2805,1050.300,10.200
2806,800.700,16.100
2807,550.600,10.000
2808,300.400,7.900
2809,50.600,7.800
2810,8030.300,7.600
2811,7780.200,8.200
2812,7530.300,7.200
2813,7279.900,6.000
2814,7030.200,6.800
2815,6780.100,6.000
2816,6530.500,5.700
2817,6280.500,5.700
2818,6030.100,7.800
2819,5780.600,7.000
2820,5530.300,6.000
2821,5280.500,6.100
2822,5030.400,6.100
2823,4780.700,7.300
2824,4530.200,6.100
2825,4280.600,5.800
2826,4030.400,7.500
2827,3780.700,7.000
2828,3530.800,9.400
2829,3280.800,7.100
2830,3030.900,6.700
2831,2780.500,6.900
2832,2530.400,7.800
2833,2280.800,6.100
2834,2030.600,19.200
2835,1780.900,7.100
2836,1530.600,7.800
2837,1280.800,6.000
2838,1030.900,11.800
2839,781.100,8.300
2840,530.800,6.600
2841,281.200,5.700
2842,31.100,5.700
2843,7909.000,7.400
2844,7659.500,6.800
2845,7409.200,6.900
2846,7159.300,6.300
2847,6909.200,9.200
2848,6659.600,7.100
2849,6409.400,6.100
2850,6159.500,7.300
2851,5909.300,10.400
2852,5659.700,11.400
2853,5409.700,8.700
2854,5159.300,8.100
2855,4909.800,7.100
2856,4659.700,5.900
2857,4409.600,6.400
2858,4159.500,6.100
2859,3909.700,10.900
2860,3659.600,7.100
2861,3409.800,6.100
2862,3159.700,6.200
2863,2909.600,6.300
2864,2659.600,5.700
2865,2410.000,6.000
2866,2159.900,6.000
2867,1910.200,6.100
2868,1660.000,6.300
2869,1409.800,5.900
2870,1160.200,6.100
2871,910.000,6.200
2872,660.100,6.500
2873,410.200,8.500
2874,159.800,7.500
2875,8110.900,8.100
2876,7860.800,6.200
2877,7610.800,5.900
2878,7360.800,5.800
2879,7111.100,7.500
2880,6860.900,6.200
2881,6611.000,6.200
2882,6361.200,6.200
2883,6111.100,7.700
2884,5860.900,7.700
2885,5611.400,5.900
2886,5361.000,6.800
2887,5111.300,6.300
2888,4861.000,7.000
2889,4611.400,6.200
2890,4361.500,6.100
2891,4111.100,6.300
2892,3861.400,8.000
2893,3611.400,7.000
2894,3361.600,6.000
2895,3111.300,8.100
2896,2861.600,6.700
2897,2611.800,6.700
2898,2361.600,6.500
2899,2111.500,6.800
2900,1861.800,8.100
2901,1611.700,7.000
2902,1361.600,5.900
2903,1111.500,6.300
2904,861.400,6.800
2905,611.600,6.000
2906,361.900,5.800
2907,111.700,6.000
2908,8017.500,7.800
2909,7767.100,8.600
2910,7517.500,6.100
2911,7267.600,6.400
2912,7017.400,7.900
2913,6767.200,6.500
2914,6517.300,6.300
2915,6267.700,7.900
2916,6017.300,6.800
2917,5767.600,9.200
2918,5517.200,8.300
2919,5267.300,9.100
2920,5017.600,6.600
2921,4767.400,5.800
2922,4517.300,5.900
2923,4267.900,5.900
2924,4017.400,8.700
2925,3767.800,8.100
2926,3517.500,6.100
2927,3268.000,6.300
2928,3017.900,8.300
2929,2767.600,7.600
2930,2517.700,8.200
2931,2267.700,6.800
2932,2018.100,6.300
2933,1768.000,6.000
2934,1518.100,6.000
2935,1268.100,7.100
2936,1017.700,10.100
2937,767.900,8.000
2938,518.000,8.400
2939,268.200,9.500
2940,18.000,10.700
2941,8223.800,8.800
2942,7973.900,6.200
2943,7724.400,8.900
2944,7474.200,9.600
2945,7224.300,8.400
2946,6974.200,7.600
2947,6724.000,6.200
2948,6474.300,6.000
2949,6224.200,6.700
2950,5974.100,8.400
2951,5724.100,7.500
2952,5474.400,6.700
2953,5224.300,6.000
2954,4974.600,7.900
2955,4724.600,6.500
2956,4474.600,6.200
2957,4224.600,6.000
2958,3974.700,8.500
2959,3724.500,8.200
2960,3474.700,6.400
2961,3224.700,10.000
2962,2974.700,9.000
2963,2724.700,8.600
2964,2474.800,7.400
2965,2224.600,6.000
2966,1974.900,7.500
2967,1724.800,6.000
2968,1475.000,6.600
2969,1224.600,9.500
2970,974.600,6.000
2971,724.900,8.900
2972,474.700,6.300
2973,225.100,5.800
2974,8227.700,7.300
2975,7978.200,7.800
2976,7728.200,6.500
2977,7477.900,6.200
2978,7228.300,9.400
2979,6978.000,7.200
2980,6728.400,6.100
2981,6478.200,6.400
2982,6228.100,6.000
2983,5978.300,9.000
2984,5728.100,8.900
2985,5478.300,8.900
2986,5228.400,8.500
2987,4978.500,8.500
2988,4728.300,7.000
2989,4478.600,7.900
2990,4228.500,7.100
2991,3978.100,6.900
2992,3728.500,7.000
2993,3478.600,6.100
2994,3228.600,6.000
2995,2978.300,7.400
2996,2728.600,6.200
2997,2478.500,6.400
2998,2228.600,6.300
2999,1978.900,7.500
3000,1728.800,6.000
3001,1478.800,6.100
3002,1228.600,6.000
3003,978.800,8.900
3004,729.000,6.000
3005,478.600,5.700
3006,229.100,39.300
3007,8112.200,7.800
3008,7861.900,7.500
3009,7612.000,5.100
3010,7362.100,6.800
3011,7112.100,7.600
3012,6861.900,7.800
3013,6612.300,6.600
3014,6362.100,7.300
3015,6112.000,10.700
3016,5862.000,8.400
3017,5611.900,7.700
3018,5362.000,8.100
3019,5112.300,7.200
3020,4862.200,7.200
3021,4612.000,7.400
3022,4362.500,7.200
3023,4112.400,6.200
3024,3862.100,8.700
3025,3612.600,7.200
3026,3362.100,6.000
3027,3112.600,6.200
3028,2862.400,7.500
3029,2612.700,6.600
3030,2362.500,7.600
3031,2112.300,6.800
3032,1862.400,10.400
3033,1612.800,7.900
3034,1362.800,9.200
3035,1112.700,8.100
3036,862.700,6.500
3037,612.800,6.600
3038,362.900,6.100
3039,112.800,8.600
3040,8047.400,7.000
3041,7797.200,6.000
3042,7547.300,5.800
3043,7297.100,6.000
3044,7047.700,7.900
3045,6797.400,7.100
3046,6547.800,6.400
3047,6297.500,6.500
3048,6047.600,6.700
3049,5797.900,7.000
3050,5547.800,7.300
3051,5297.800,6.800
3052,5047.600,8.500
3053,4798.000,6.000
3054,4547.700,7.800
3055,4298.100,6.500
3056,4048.100,6.900
3057,3798.100,6.400
3058,3548.100,8.500
3059,3297.700,7.500
3060,3047.800,8.600
3061,2798.200,6.600
3062,2547.900,7.200
3063,2297.800,6.500
3064,2048.200,5.600
3065,1798.000,7.600
3066,1548.000,5.800
3067,1297.900,6.000
3068,1048.200,6.800
3069,798.300,8.300
3070,548.400,7.200
3071,298.200,7.200
3072,48.500,7.200
3073,8052.000,8.600
3074,7801.900,9.900
3075,7552.000,9.400
3076,7302.300,6.400
3077,7052.000,6.600
3078,6802.300,7.000
3079,6552.400,8.600
3080,6302.500,6.200
3081,6052.300,7.500
3082,5802.300,11.400
3083,5552.100,7.400
3084,5302.200,5.900
3085,5052.300,7.800
3086,4802.400,6.100
3087,4552.500,6.400
3088,4302.400,5.900
3089,4052.200,6.700
3090,3802.400,6.700
3091,3552.500,6.000
3092,3302.700,6.300
3093,3052.400,5.900
3094,2802.600,9.800
3095,2552.500,7.900
3096,2302.900,6.500
3097,2052.700,7.500
3098,1802.800,7.200
3099,1552.600,6.600
3100,1303.000,6.000
3101,1052.800,7.300
3102,802.600,8.300
3103,552.900,8.500
3104,302.800,6.100
3105,52.800,6.700
3106,8168.900,8.400
3107,7918.800,6.100
3108,7668.900,5.800
3109,7419.200,6.100
3110,7169.000,8.300
3111,6918.900,6.700
3112,6669.300,6.200
3113,6418.900,5.900
3114,6169.200,8.400
3115,5918.900,6.700
3116,5669.300,6.100
3117,5419.100,9.000
3118,5169.300,7.400
3119,4919.000,9.100
3120,4669.100,6.800
3121,4419.400,7.000
3122,4169.300,6.000
3123,3919.100,6.900
3124,3669.300,5.900
3125,3419.700,6.300
3126,3169.500,6.400
3127,2919.400,6.100
3128,2669.500,5.900
3129,2419.800,9.200
3130,2169.700,7.200
3131,1919.500,7.200
3132,1669.800,6.500
3133,1419.900,6.200
3134,1169.800,6.000
3135,919.800,10.400
3136,669.900,7.400
3137,419.800,5.900
3138,169.600,5.800
3139,8501.200,6.900
3140,8251.200,6.300
3141,8001.200,6.500
3142,7751.100,6.500
3143,7500.900,6.400
3144,7251.300,6.100
3145,7001.400,6.500
3146,6751.300,5.800
3147,6501.300,5.100
3148,6251.500,6.300
3149,6001.300,6.700
3150,5751.600,6.500
3151,5501.400,6.400
3152,5251.400,5.800
3153,5001.200,7.600
3154,4751.200,6.100
3155,4501.300,6.200
3156,4251.700,6.300
3157,4001.500,6.500
3158,3751.800,5.900
3159,3501.300,7.700
3160,3251.800,6.200
3161,3001.500,8.500
3162,2751.400,8.300
3163,2501.600,6.500
3164,2251.800,6.400
3165,2001.900,7.400
3166,1751.600,6.400
3167,1501.500,8.400
3168,1251.900,5.900
3169,1001.700,6.000
3170,752.000,7.300
3171,502.100,6.100
3172,252.000,6.100
3173,1.800,10.400
3174,7955.600,7.700
3175,7705.700,6.100
3176,7455.600,5.600
3177,7205.800,5.800
3178,6956.200,7.900
3179,6706.200,7.000
3180,6455.700,6.000
3181,6206.200,5.900
3182,5955.900,7.600
3183,5706.000,8.200
3184,5456.200,8.500
3185,5206.200,8.700
3186,4956.300,8.900
3187,4706.400,6.500
3188,4456.200,6.200
3189,4206.200,6.200
3190,3956.300,7.300
3191,3706.300,5.800
3192,3456.200,7.000
3193,3206.200,6.200
3194,2956.500,6.800
3195,2706.200,6.100
3196,2456.400,5.900
3197,2206.300,6.600
3198,1956.700,6.500
3199,1706.700,8.900
3200,1456.300,6.900
3201,1206.400,7.100
3202,956.600,6.400
3203,706.500,8.300
3204,456.600,7.800
3205,206.900,6.900
3206,8210.100,10.400
3207,7959.900,7.900
3208,7710.300,8.100
3209,7460.100,9.300
3210,7210.000,5.400
3211,6959.900,7.400
3212,6710.300,6.700
3213,6460.500,6.100
3214,6210.100,6.700
3215,5960.400,7.900
3216,5710.400,7.700
3217,5460.400,7.000
3218,5210.300,6.100
3219,4960.300,8.500
3220,4710.400,6.100
3221,4460.200,5.700
3222,4210.700,6.100
3223,3960.400,8.400
3224,3710.600,7.300
3225,3460.300,6.000
3226,3210.800,6.100
3227,2960.700,6.500
3228,2710.900,6.700
3229,2460.700,7.500
3230,2210.800,8.100
3231,1961.000,8.300
3232,1710.800,6.100
3233,1461.000,6.200
3234,1210.900,6.200
3235,960.900,6.500
3236,710.800,5.900
3237,460.800,5.800
3238,210.700,5.800
3239,8125.500,9.800
3240,7875.600,8.700
3241,7625.500,6.800
3242,7375.400,6.000
3243,7125.700,5.800
3244,6875.700,8.000
3245,6625.500,7.000
3246,6375.700,6.300
3247,6125.900,9.200
3248,5875.700,7.000
3249,5625.900,6.800
3250,5375.600,7.000
3251,5126.100,8.300
3252,4875.700,8.400
3253,4626.000,6.800
3254,4375.700,6.000
3255,4126.100,6.100
3256,3875.800,7.800
3257,3626.100,6.300
3258,3376.100,5.900
3259,3125.900,5.800
3260,2876.200,7.100
3261,2625.900,5.700
3262,2376.300,6.400
3263,2125.900,5.900
3264,1876.300,7.300
3265,1626.400,9.300
3266,1376.500,7.000
3267,1126.400,5.900
3268,876.100,8.300
3269,626.500,6.400
3270,376.600,6.200
3271,126.400,6.200
3272,8167.900,7.000
3273,7918.000,6.300
3274,7668.300,7.800
3275,7418.400,9.700
3276,7168.500,7.700
3277,6918.300,6.100
3278,6668.300,6.200
3279,6418.200,8.900
3280,6168.500,7.300
3281,5918.500,5.900
3282,5668.300,5.800
3283,5418.300,6.100
3284,5168.700,5.500
3285,4918.500,8.900
3286,4668.300,6.400
3287,4418.800,7.400
3288,4168.400,6.400
3289,3918.600,8.900
3290,3668.800,7.300
3291,3418.600,6.700
3292,3168.500,6.400
3293,2918.900,8.100
3294,2668.700,7.300
3295,2418.500,5.900
3296,2168.800,6.600
3297,1918.700,7.100
3298,1668.600,5.900
3299,1418.800,6.400
3300,1168.700,6.200
3301,918.600,7.400
3302,668.700,5.900
3303,418.800,6.500
3304,168.800,6.000
3305,8152.700,6.800
3306,7902.700,5.900
3307,7652.600,5.900
3308,7402.500,5.700
3309,7152.400,6.600
3310,6902.800,8.100
3311,6652.500,6.700
3312,6402.900,6.000
3313,6152.700,9.300
3314,5902.900,8.800
3315,5652.500,6.300
3316,5403.000,6.000
3317,5152.800,7.300
3318,4902.800,6.900
3319,4653.000,7.000
3320,4403.100,6.100
3321,4153.000,5.900
3322,3902.700,7.200
3323,3653.100,6.400
3324,3403.000,5.800
3325,3152.900,5.700
3326,2903.000,6.900
3327,2652.900,6.000
3328,2403.300,5.700
3329,2153.100,6.300
3330,1903.300,8.000
3331,1653.200,6.900
3332,1403.100,5.900
3333,1153.000,6.100
3334,903.300,6.600
3335,653.500,6.400
3336,403.100,6.100
3337,153.500,5.900
3338,8171.200,8.000
3339,7921.300,10.900
3340,7671.600,11.000
3341,7421.600,8.200
3342,7171.200,9.400
3343,6921.300,7.400
3344,6671.700,5.800
3345,6421.600,6.100
3346,6171.600,3.900
3347,5921.600,7.000
3348,5671.800,6.400
3349,5421.400,5.700
3350,5171.700,7.600
3351,4921.900,9.000
3352,4671.800,7.100
3353,4422.000,6.200
3354,4172.000,6.400
3355,3922.000,7.900
3356,3671.600,6.000
3357,3422.000,5.900
3358,3171.800,6.200
3359,2921.600,7.400
3360,2672.000,6.200
3361,2422.200,6.600
3362,2171.800,7.600
3363,1922.200,6.800
3364,1672.100,9.200
3365,1422.200,5.900
3366,1172.100,8.800
3367,922.200,7.500
3368,672.100,11.000
3369,422.000,8.800
3370,172.400,7.000
3371,8172.200,6.600
3372,7922.100,6.200
3373,7672.100,5.800
3374,7422.400,5.600
3375,7172.400,6.700
3376,6922.500,6.000
3377,6672.200,6.000
3378,6422.300,6.300
3379,6172.600,5.300
3380,5922.300,6.800
3381,5672.600,6.600
3382,5422.600,5.800
3383,5166.700,12.700
3384,4922.600,9.700
3385,4672.300,8.500
3386,4422.600,7.600
3387,4172.600,8.700
3388,3922.400,7.900
3389,3672.600,5.900
3390,3422.500,5.700
3391,3172.600,5.900
3392,2922.900,7.900
3393,2672.600,6.000
3394,2422.600,5.600
3395,2172.600,5.700
3396,1922.700,7.200
3397,1672.700,6.900
3398,1423.000,6.200
3399,1172.700,38.300
3400,922.900,6.700
3401,672.700,8.500
3402,423.000,7.200
3403,172.900,6.400
3404,8179.100,5.500
3405,7929.400,7.800
3406,7679.400,7.400
3407,7429.300,8.900
3408,7179.300,7.900
3409,6929.100,9.300
3410,6679.200,7.500
3411,6429.300,6.000
3412,6179.300,9.800
3413,5929.500,6.700
3414,5679.600,5.900
3415,5429.700,5.800
3416,5179.500,6.400
3417,4929.400,7.400
3418,4679.800,6.400
3419,4429.800,7.100
3420,4179.900,5.800
3421,3929.700,6.800
3422,3679.700,7.100
3423,3429.500,6.600
3424,3179.600,5.800
3425,2929.700,9.000
3426,2679.600,8.000
3427,2429.900,6.000
3428,2180.000,14.000
3429,1929.800,8.200
3430,1679.700,6.900
3431,1430.000,6.500
3432,1180.200,9.500
3433,930.100,8.200
3434,679.900,6.200
3435,429.900,6.500
3436,179.800,6.100
3437,8142.800,6.100
3438,7892.900,6.400
3439,7642.500,5.900
3440,7392.800,5.700
3441,7142.700,7.800
3442,6892.800,7.900
3443,6642.700,6.300
3444,6393.000,6.300
3445,6142.900,9.900
3446,5892.700,7.000
3447,5643.100,6.000
3448,5392.800,6.600
3449,5143.000,8.100
3450,4892.900,7.000
3451,4643.000,7.200
3452,4393.000,7.000
3453,4143.000,8.100
3454,3893.200,7.800
3455,3642.800,6.800
3456,3393.000,6.200
3457,3142.900,5.900
3458,2893.300,6.700
3459,2643.300,6.500
3460,2393.100,6.200
3461,2143.100,5.800
3462,1892.900,7.000
3463,1643.100,6.300
3464,1393.500,5.800
3465,1143.400,5.600
3466,893.300,6.700
3467,643.100,6.500
3468,393.200,6.500
3469,143.200,5.900
3470,8154.700,7.400
3471,7904.900,8.500
3472,7655.300,10.700
3473,7405.200,7.600
3474,7155.200,11.100
3475,6905.300,8.800
3476,6655.300,7.800
3477,6405.300,6.300
3478,6155.000,6.700
3479,5905.000,8.300
3480,5655.400,6.200
3481,5405.000,5.800
3482,5155.200,7.300
3483,4905.600,7.700
3484,4655.300,8.100
3485,4405.500,8.700
3486,4155.200,7.100
3487,3905.300,6.900
3488,3655.700,6.200
3489,3405.600,6.900
3490,3155.300,6.500
3491,2905.600,8.300
3492,2655.700,7.200
3493,2405.300,6.200
3494,2155.500,6.600
3495,1905.600,8.500
3496,1655.700,9.600
3497,1405.900,7.300
3498,1155.500,6.000
3499,905.700,6.700
3500,655.800,7.000
3501,405.700,6.500
3502,155.900,6.700
3503,8169.300,6.200
3504,7919.200,5.900
3505,7669.000,6.100
3506,7418.900,6.200
3507,7169.300,7.600
3508,6919.400,6.200
3509,6669.100,5.700
3510,6419.000,5.700
3511,6169.300,6.700
3512,5919.300,8.900
3513,5669.600,7.200
3514,5419.100,6.200
3515,5169.200,8.600
3516,4919.300,8.600
3517,4669.500,7.200
3518,4419.400,7.400
3519,4169.500,6.700
3520,3919.700,8.500
3521,3669.400,7.100
3522,3419.300,6.000
3523,3169.800,6.100
3524,2919.800,7.900
3525,2669.400,5.900
3526,2419.800,5.800
3527,2169.600,6.500
3528,1919.600,8.000
3529,1669.900,6.300
3530,1419.800,6.400
3531,1169.700,6.000
3532,920.000,6.500
3533,670.000,6.100
3534,420.100,5.900
3535,169.900,8.500
3536,8042.700,6.700
3537,7792.500,6.600
3538,7542.600,6.700
3539,7292.700,8.300
3540,7042.900,7.300
3541,6792.900,8.800
3542,6542.500,6.900
3543,6293.000,6.100
3544,6042.700,5.900
3545,5792.700,5.800
3546,5543.000,6.600
3547,5292.900,6.200
3548,5042.900,9.100
3549,4792.700,7.700
3550,4543.000,6.000
3551,4292.700,6.300
3552,4043.100,5.200
3553,3792.900,6.800
3554,3543.200,6.300
3555,3292.900,6.600
3556,3043.000,8.000
3557,2793.300,7.300
3558,2542.900,5.700
3559,2293.100,8.000
3560,2043.300,10.900
3561,1793.000,7.900
3562,1543.000,7.900
3563,1293.000,7.300
3564,1043.100,7.100
3565,793.200,8.700
3566,543.400,7.400
3567,293.200,6.100
3568,43.200,6.400
3569,8059.900,8.800
3570,7809.800,7.800
3571,7559.900,6.100
3572,7310.100,6.600
3573,7060.200,7.600
3574,6810.000,6.000
3575,6559.800,6.000
3576,6310.000,5.800
3577,6060.100,4.700
3578,5810.000,7.200
3579,5560.300,7.800
3580,5310.400,6.700
3581,5060.000,6.700
3582,4810.000,6.700
3583,4560.000,8.000
3584,4310.200,8.800
3585,4060.300,8.400
3586,3810.100,7.500
3587,3560.100,9.600
3588,3310.300,7.900
3589,3060.600,6.500
3590,2810.400,7.200
3591,2560.600,5.900
3592,2310.600,6.100
3593,2060.400,7.700
3594,1810.400,6.200
3595,1560.500,6.600
3596,1310.700,6.200
3597,1060.600,6.700
3598,810.900,6.400
3599,560.600,8.900
3600,310.500,8.200
3601,60.600,6.600
3602,8280.700,11.300
3603,8030.700,7.500
3604,7781.000,6.600
3605,7530.900,35.200
3606,7280.900,11.400
3607,7030.900,9.800
3608,6780.900,9.400
3609,6531.100,9.000
3610,6281.000,9.300
3611,6030.700,7.600
3612,5781.200,6.300
3613,5531.200,6.600
3614,5280.800,6.400
3615,5031.200,6.200
3616,4781.200,9.100
3617,4531.200,7.500
3618,4281.200,6.700
3619,4031.100,6.000
3620,3781.400,7.000
3621,3531.300,5.900
3622,3281.100,7.800
3623,3031.500,6.300
3624,2781.100,8.000
3625,2531.100,7.000
3626,2281.100,7.400
3627,2031.600,6.500
3628,1781.200,7.000
3629,1531.500,7.900
3630,1281.600,7.700
3631,1031.300,6.500
3632,781.400,7.800
3633,531.400,5.600
3634,281.600,6.600
3635,31.600,6.200
3636,8281.100,8.000
3637,8031.700,6.900
3638,7781.500,6.100
3639,7531.200,6.500
3640,7281.200,6.400
3641,7031.700,5.800
3642,6781.700,8.100
3643,6531.500,6.300
3644,6281.300,6.100
3645,6031.800,7.100
3646,5781.400,6.800
3647,5531.700,6.300
3648,5281.900,7.300
3649,5031.800,6.200
3650,4781.900,9.100
3651,4531.900,9.000
3652,4281.500,8.200
3653,4031.800,6.100
3654,3782.100,6.600
3655,3531.900,6.300
3656,3281.600,5.800
3657,3032.200,5.800
3658,2782.100,7.700
3659,2531.900,7.000
3660,2282.200,7.700
3661,2031.800,6.000
3662,1782.200,6.300
3663,1531.900,6.100
3664,1281.900,6.900
3665,1031.900,6.100
3666,782.400,6.800
3667,532.300,6.300
3668,282.200,6.300
3669,32.100,6.000
3670,8274.500,8.200
3671,8024.800,6.900
3672,7774.800,6.300
3673,7524.600,6.900
3674,7274.900,6.100
3675,7024.900,6.400
3676,6774.500,7.800
3677,6524.800,6.600
3678,6274.600,6.100
3679,6024.500,8.800
3680,5774.900,8.200
3681,5524.900,5.900
3682,5274.900,4.200
3683,5025.100,8.500
3684,4775.100,7.900
3685,4525.100,7.000
3686,4275.000,8.300
3687,4024.700,6.900
3688,3775.200,7.900
3689,3525.200,8.900
3690,3274.900,8.400
3691,3025.200,6.900
3692,2774.900,6.600
3693,2525.000,5.900
3694,2275.400,7.400
3695,2024.900,8.800
3696,1775.400,9.300
3697,1525.300,6.100
3698,1275.500,8.000
3699,1025.200,6.800
3700,775.000,7.200
3701,525.400,6.100
3702,275.400,6.700
3703,25.400,6.000
3704,8280.700,5.800
3705,8030.500,6.200
3706,7780.700,6.300
3707,7530.600,6.100
3708,7280.800,6.100
3709,7030.700,6.100
3710,6780.700,8.300
3711,6530.900,6.200
3712,6280.800,6.700
3713,6031.000,6.100
3714,5781.000,5.900
3715,5530.700,6.100
3716,5280.800,6.500
3717,5031.000,9.500
3718,4780.900,8.800
3719,4530.900,7.600
3720,4281.200,8.300
3721,4030.900,6.000
3722,3780.900,7.500
3723,3531.200,7.500
3724,3281.200,8.200
3725,3031.200,5.800
3726,2781.000,6.200
3727,2531.000,6.400
3728,2281.000,7.200
3729,2031.400,6.300
3730,1781.500,8.000
3731,1531.200,6.700
3732,1281.000,6.400
3733,1031.400,6.200
3734,781.200,6.100
3735,531.500,5.900
3736,281.200,8.400
3737,31.400,8.400
3738,8282.500,7.500
3739,8032.100,5.400
3740,7782.400,9.300
3741,7532.500,9.100
3742,7282.400,8.100
3743,7032.500,9.500
3744,6782.700,6.200
3745,6532.600,6.200
3746,6282.800,6.800
3747,6032.400,6.900
3748,5782.600,6.800
3749,5532.300,7.600
3750,5282.700,7.700
3751,5032.400,6.300
3752,4782.400,5.900
3753,4532.600,5.900
3754,4282.700,7.600
3755,4032.500,7.100
3756,3782.800,7.000
3757,3532.500,6.600
3758,3282.600,6.100
3759,3032.800,9.300
3760,2782.700,7.300
3761,2532.900,6.700
3762,2282.700,9.400
3763,2033.100,9.400
3764,1782.900,8.700
3765,1532.900,6.800
3766,1283.100,8.700
3767,1032.900,6.200
3768,782.900,6.700
3769,533.200,6.000
3770,283.200,6.900
3771,33.000,7.300
3772,8302.100,7.800
3773,8052.200,6.800
3774,7802.000,6.000
3775,7551.900,6.300
3776,7302.100,6.200
3777,7052.500,5.700
3778,6802.000,6.500
3779,6552.500,6.300
3780,6302.400,7.800
3781,6052.100,6.400
3782,5802.400,8.300
3783,5552.500,7.300
3784,5302.500,6.500
3785,5052.600,6.200
3786,4802.600,6.700
3787,4552.400,8.000
3788,4302.600,7.100
3789,4052.400,5.900
3790,3802.300,6.100
3791,3552.300,6.200
3792,3302.900,6.200
3793,3052.700,6.500
3794,2802.800,7.800
3795,2552.700,6.700
3796,2302.600,5.900
3797,2053.000,5.900
3798,1802.700,7.000
3799,1553.000,7.000
3800,1302.700,7.200
3801,1053.000,6.800
3802,802.800,8.600
3803,552.900,6.500
3804,303.200,7.500
3805,52.900,6.300
3806,8279.400,9.800
3807,8029.200,6.000
3808,7779.100,6.700
3809,7529.100,6.100
3810,7279.300,8.200
3811,7029.700,7.000
3812,6779.200,5.900
3813,6529.600,6.100
3814,6279.600,8.300
3815,6029.800,7.000
3816,5779.500,6.100
3817,5529.400,6.100
3818,5279.900,5.800
3819,5029.700,6.300
3820,4779.500,6.600
3821,4529.700,6.100
3822,4279.700,5.800
3823,4029.900,6.100
3824,3779.800,6.200
3825,3529.700,6.500
3826,3279.900,7.700
3827,3029.900,6.200
3828,2779.600,8.600
3829,2529.600,7.900
3830,2279.600,6.900
3831,2029.900,5.800
3832,1780.200,6.600
3833,1529.900,5.900
3834,1279.700,7.000
3835,1030.100,6.000
3836,780.100,8.100
3837,529.900,5.600
3838,280.100,7.500
3839,29.900,6.100
3840,8297.600,6.400
3841,8047.600,6.400
3842,7797.500,7.600
3843,7547.700,5.700
3844,7297.700,6.300
3845,7047.700,6.300
3846,6797.700,6.500
3847,6547.900,6.000
3848,6297.700,8.400
3849,6047.700,6.300
3850,5797.900,6.000
3851,5547.900,7.300
3852,5297.900,7.000
3853,5047.900,5.900
3854,4797.800,8.200
3855,4548.000,7.000
3856,4298.100,7.200
3857,4047.900,6.100
3858,3798.000,6.300
3859,3548.200,6.200
3860,3298.000,6.100
3861,3047.800,5.800
3862,2797.900,6.100
3863,2547.900,6.100
3864,2298.300,5.600
3865,2048.300,6.100
3866,1798.200,6.900
3867,1548.200,6.000
3868,1297.900,6.500
3869,1048.200,6.500
3870,798.100,8.500
3871,548.400,7.100
3872,298.200,8.400
3873,48.600,10.400
3874,7857.700,11.000
3875,7608.100,8.200
3876,7336.100,6.900
3877,7108.200,6.700
3878,6812.600,8.900
3879,6608.100,7.500
3880,6358.400,8.000
3881,6108.000,7.200
3882,5857.900,8.900
3883,5608.000,8.200
3884,5358.500,7.700
3885,5108.400,6.900
3886,4858.000,9.100
3887,4608.400,9.900
3888,4358.400,7.500
3889,4093.400,6.600
3890,3858.300,8.900
3891,3608.500,6.900
3892,3358.300,6.200
3893,3108.600,5.800
3894,2821.800,6.600
3895,2608.600,6.400
3896,2358.700,6.600
3897,2108.800,6.600
3898,1858.500,6.800
3899,1608.300,6.600
3900,1358.800,6.500
3901,1058.200,6.700
3902,843.300,3.900
3903,609.000,6.100
3904,358.700,5.800
3905,108.800,5.800
3906,8115.000,6.200
3907,7865.100,5.900
3908,7615.100,5.800
3909,7365.000,5.600
3910,7114.900,7.900
3911,6805.200,6.500
3912,6615.300,5.800
3913,6364.900,5.800
3914,6115.000,6.100
3915,5865.000,9.100
3916,5615.200,6.600
3917,5365.100,6.600
3918,5103.800,9.100
3919,4865.400,9.400
3920,4615.500,9.500
3921,4365.400,7.500
3922,4115.100,9.600
3923,3865.400,7.400
3924,3615.400,6.300
3925,3365.400,5.800
3926,3115.300,7.800
3927,2865.400,8.300
3928,2615.600,9.700
3929,2365.300,6.100
3930,2115.600,5.900
3931,1865.500,7.700
3932,1615.800,6.500
3933,1365.600,6.200
3934,1115.500,6.800
3935,865.700,6.600
3936,615.700,6.200
3937,365.800,6.400
3938,115.600,6.400
3939,8116.500,23.500
3940,7866.600,9.800
3941,7616.600,8.100
3942,7366.700,4.100
3943,7116.900,9.200
3944,6866.600,7.900
3945,6616.900,6.200
3946,6366.600,5.800
3947,6117.100,6.700
3948,5866.900,6.500
3949,5617.000,6.700
3950,5366.700,5.900
3951,5117.200,6.600
3952,4867.100,8.500
3953,4616.900,6.000
3954,4367.300,5.900
3955,4117.000,6.500
3956,3867.000,6.800
3957,3617.000,6.000
3958,3356.900,6.500
3959,3117.000,6.300
3960,2867.100,7.400
3961,2617.400,7.900
3962,2367.000,8.100
3963,2117.500,8.500
3964,1867.400,7.500
3965,1617.400,8.900
3966,1367.600,6.200
3967,1117.300,6.000
3968,867.600,8.100
3969,617.500,6.700
3970,367.400,6.000
3971,117.800,5.900
3972,8086.700,8.100
3973,7844.800,7.000
3974,7594.700,6.100
3975,7344.400,6.400
3976,7094.800,8.100
3977,6844.500,6.400
3978,6594.900,6.300
3979,6344.500,6.600
3980,6094.600,8.000
3981,5844.700,7.100
3982,5594.800,7.800
3983,5345.000,6.600
3984,5095.000,6.300
3985,4844.800,6.700
3986,4569.600,5.000
3987,4344.700,6.000
3988,4094.700,5.800
3989,3845.200,7.700
3990,3595.100,5.900
3991,3345.000,6.600
3992,3095.000,5.900
3993,2845.000,8.000
3994,2595.200,6.400
3995,2344.900,6.100
3996,2095.400,5.700
3997,1845.200,5.900
3998,1595.200,6.300
3999,1345.300,8.100
4000,1069.700,7.300
4001,845.200,8.000
4002,595.000,6.900
4003,345.500,6.000
4004,95.300,6.200
4005,8034.400,9.700
4006,7911.700,10.600
4007,7661.200,8.800
4008,7411.400,6.500
4009,7161.300,6.600
4010,6911.300,7.700
4011,6661.300,6.300
4012,6411.400,5.900
4013,6161.700,4.300
4014,5911.400,6.700
4015,5661.400,5.800
4016,5411.800,6.300
4017,5161.800,6.700
4018,4911.800,7.700
4019,4661.700,8.500
4020,4411.500,6.900
4021,4162.100,6.200
4022,3911.600,7.200
4023,3661.700,6.600
4024,3412.000,5.800
4025,3161.900,6.200
4026,2912.200,7.800
4027,2661.900,7.300
4028,2412.100,6.700
4029,2162.000,7.000
4030,1912.000,6.100
4031,1662.000,8.300
4032,1412.000,9.400
4033,1162.200,6.400
4034,873.300,7.400
4035,657.700,6.700
4036,412.100,7.000
4037,162.000,6.800
4038,8266.700,8.100
4039,8048.400,6.500
4040,7798.200,6.200
4041,7548.600,5.900
4042,7298.400,6.800
4043,7048.300,7.300
4044,6798.400,6.300
4045,6548.600,6.700
4046,6298.500,7.400
4047,6048.700,6.600
4048,5798.600,6.500
4049,5548.900,7.400
4050,5298.600,20.400
4051,5048.500,9.000
4052,4798.500,7.600
4053,4548.600,6.700
4054,4298.800,7.900
4055,4048.900,13.300
4056,3798.700,7.300
4057,3549.000,6.200
4058,3298.900,6.500
4059,3049.000,8.400
4060,2798.800,7.800
4061,2549.000,6.300
4062,2299.300,5.900
4063,2049.100,7.600
4064,1798.900,7.100
4065,1548.800,6.900
4066,1299.000,6.000
4067,1049.400,6.400
4068,799.300,7.200
4069,549.400,6.400
4070,299.300,6.400
4071,49.500,8.400
4072,8011.200,9.600
4073,7761.500,10.900
4074,7511.000,10.300
4075,7261.300,9.800
4076,7011.100,8.900
4077,6761.300,7.400
4078,6503.600,6.600
4079,6261.400,6.700
4080,6011.500,6.700
4081,5761.300,6.000
4082,5511.600,5.900
4083,5261.500,6.200
4084,5011.600,6.600
4085,4761.400,5.900
4086,4511.400,7.000
4087,4261.700,5.500
4088,4011.600,9.200
4089,3759.000,8.100
4090,3511.700,6.700
4091,3261.500,7.100
4092,3011.400,8.900
4093,2761.900,7.700
4094,2476.900,15.300
4095,2261.500,8.600
4096,2011.800,13.400
4097,1762.100,11.100
4098,1511.900,8.500
4099,1261.700,5.500
4100,1012.000,9.400
4101,761.800,4.400
4102,511.700,5.900
4103,262.100,9.400
4104,12.000,9.400
4105,8027.500,6.400
4106,7777.300,6.200
4107,7527.400,6.400
4108,7277.300,6.000
4109,7027.200,8.500
4110,6777.700,6.800
4111,6462.200,6.700
4112,6277.400,6.200
4113,6027.800,7.100
4114,5777.600,7.100
4115,5527.500,7.100
4116,5277.400,7.100
4117,5027.900,39.300
4118,4722.200,16.600
4119,4527.500,38.300
4120,4277.700,23.600
4121,4027.500,9.000
4122,3777.800,9.000
4123,3527.900,6.400
4124,3277.900,7.500
4125,3027.700,8.800
4126,2778.000,6.400
4127,2527.700,6.100
4128,2277.600,6.100
4129,2028.200,6.000
4130,1778.000,8.500
4131,1527.800,6.900
4132,1277.800,6.000
4133,1028.200,8.400
4134,778.300,8.200
4135,528.200,6.200
4136,278.000,6.700
4137,28.100,39.000
4138,8136.700,14.400
4139,7887.200,7.000
4140,7636.800,26.800
4141,7387.200,15.800
4142,7137.300,6.100
4143,6887.300,39.200
4144,6636.900,37.800
4145,6387.400,38.000
4146,6137.400,7.100
4147,5887.000,8.300
4148,5637.100,7.300
4149,5387.400,4.800
4150,5137.300,7.300
4151,4887.100,11.900
4152,4637.400,7.500
4153,4387.500,5.100
4154,4137.700,7.100
4155,3887.300,7.100
4156,3637.300,4.800
4157,3387.800,4.600
4158,3127.100,5.700
4159,2887.400,4.800
4160,2637.700,5.300
4161,2387.900,5.400
4162,2137.700,8.700
4163,1887.600,12.000
4164,1637.700,7.300
4165,1387.600,6.800
4166,1137.600,5.900
4167,887.700,7.500
4168,637.500,4.300
4169,387.900,3.900
4170,137.600,8.600
4171,8121.600,6.800
4172,7871.900,6.000
4173,7621.800,5.800
4174,7371.700,5.900
4175,7121.700,6.700
4176,6871.700,6.000
4177,6622.000,5.800
4178,6372.000,5.900
4179,6121.700,8.400
4180,5871.800,6.100
4181,5621.700,6.300
4182,5372.100,6.400
4183,5121.800,6.700
4184,4871.700,5.100
4185,4621.700,19.100
4186,4372.100,7.400
4187,4122.100,7.000
4188,3872.200,6.800
4189,3622.300,5.200
4190,3372.000,7.800
4191,3122.100,6.100
4192,2871.900,6.700
4193,2622.200,5.100
4194,2372.200,7.300
4195,2122.500,6.000
4196,1872.300,5.000
4197,1622.300,7.200
4198,1372.200,7.000
4199,1122.300,6.000
4200,872.300,7.100
4201,622.400,6.000
4202,372.600,6.100
4203,122.300,7.700
4204,8121.600,6.600
4205,7871.600,5.800
4206,7621.500,6.200
4207,7371.300,9.100
4208,7121.600,9.400
4209,6871.700,5.100
4210,6621.500,8.800
4211,6371.800,7.200
4212,6121.400,6.600
4213,5871.600,6.300
4214,5621.500,6.000
4215,5371.500,5.700
4216,5121.600,4.800
4217,4871.900,7.000
4218,4621.600,6.800
4219,4371.900,7.100
4220,4121.500,6.400
4221,3872.000,7.200
4222,3622.000,5.100
4223,3371.900,8.000
4224,3122.100,8.400
4225,2872.200,6.500
4226,2622.000,8.000
4227,2371.800,7.900
4228,2122.200,7.100
4229,1872.300,8.000
4230,1622.000,7.200
4231,1372.000,7.000
4232,1122.200,6.400
4233,872.200,7.800
4234,622.300,6.100
4235,372.000,5.800
4236,121.900,5.600
4237,8792.400,7.400
4238,8542.400,6.000
4239,8292.100,8.900
4240,8042.300,7.000
4241,7792.300,5.900
4242,7542.600,6.200
4243,7292.400,6.600
4244,7042.600,5.900
4245,6792.500,7.800
4246,6542.400,6.900
4247,6292.700,7.600
4248,6042.500,6.400
4249,5792.800,9.200
4250,5542.900,8.100
4251,5292.400,9.300
4252,5042.900,8.700
4253,4793.000,6.000
4254,4542.600,5.900
4255,4292.600,5.800
4256,4043.000,7.800
4257,3793.000,5.900
4258,3542.900,7.600
4259,3292.800,6.800
4260,3043.100,6.700
4261,2793.200,6.500
4262,2542.800,5.800
4263,2293.200,5.900
4264,2042.900,7.800
4265,1793.300,7.800
4266,1542.900,6.500
4267,1293.200,6.100
4268,1042.900,7.400
4269,793.300,7.200
4270,543.400,6.200
4271,293.400,6.700
4272,43.000,6.100
4273,8069.200,8.700
4274,7818.700,10.500
4275,7569.100,9.300
4276,7319.000,7.300
4277,7068.900,6.600
4278,6819.100,6.700
4279,6569.000,7.500
4280,6319.200,6.000
4281,6069.300,8.100
4282,5819.200,7.000
4283,5569.200,6.100
4284,5319.400,5.700
4285,5069.400,6.700
4286,4819.000,8.100
4287,4569.400,8.600
4288,4319.200,6.800
4289,4069.600,7.200
4290,3819.500,6.800
4291,3569.300,6.100
4292,3319.200,6.000
4293,3069.400,7.400
4294,2819.300,9.400
4295,2569.500,7.700
4296,2319.700,7.300
4297,2069.600,4.300
4298,1819.700,7.600
4299,1569.600,6.600
4300,1319.600,5.900
4301,1069.600,7.300
4302,819.500,7.200
4303,570.000,7.800
4304,319.900,7.800
4305,70.100,6.200
4306,7969.100,7.100
4307,7719.300,6.900
4308,7469.200,6.000
4309,7219.200,6.400
4310,6969.000,7.200
4311,6719.400,8.600
4312,6469.200,6.300
4313,6219.300,6.500
4314,5969.300,7.800
4315,5719.400,7.200
4316,5469.100,6.300
4317,5219.100,9.100
4318,4969.600,8.000
4319,4719.300,6.500
4320,4469.700,6.200
4321,4219.700,6.300
4322,3969.700,7.200
4323,3719.700,6.700
4324,3469.700,5.900
4325,3219.700,5.700
4326,2969.400,5.100
4327,2719.500,7.500
4328,2469.900,7.600
4329,2219.800,6.400
4330,1969.700,5.100
4331,1719.600,6.500
4332,1469.500,6.000
4333,1220.000,5.800
4334,969.800,5.500
4335,719.800,8.000
4336,469.900,6.500
4337,220.000,6.600
4338,8245.400,5.600
4339,7995.200,7.500
4340,7745.100,7.000
4341,7495.000,6.700
4342,7245.100,6.000
4343,6995.200,8.300
4344,6745.300,8.600
4345,6495.300,6.000
4346,6245.700,5.700
4347,5995.500,8.900
4348,5745.500,7.000
4349,5495.400,6.100
4350,5245.400,6.200
4351,4995.300,6.600
4352,4745.400,6.000
4353,4495.400,5.900
4354,4245.400,6.100
4355,3995.400,5.900
4356,3745.500,6.200
4357,3495.500,5.800
4358,3245.800,6.000
4359,2995.800,8.600
4360,2746.000,8.400
4361,2495.700,8.400
4362,2245.600,8.100
4363,1996.000,8.000
4364,1745.900,7.200
4365,1495.700,6.000
4366,1245.700,5.700
4367,996.100,7.100
4368,746.100,6.900
4369,495.700,6.400
4370,246.200,6.300
4371,8195.900,7.000
4372,7946.200,6.400
4373,7696.200,5.800
4374,7446.100,6.000
4375,7196.100,6.000
4376,6946.400,6.500
4377,6696.100,6.500
4378,6446.300,6.000
4379,6196.200,6.000
4380,5946.200,8.100
4381,5696.600,7.100
4382,5446.600,6.200
4383,5196.300,6.100
4384,4946.600,6.700
4385,4696.700,6.200
4386,4446.800,5.900
4387,4196.400,5.700
4388,3946.900,8.000
4389,3696.700,6.700
4390,3446.700,6.500
4391,3196.400,6.100
4392,2946.700,7.800
4393,2696.900,6.200
4394,2447.000,6.300
4395,2196.600,5.800
4396,1947.100,6.800
4397,1697.100,5.900
4398,1447.000,5.800
4399,1196.900,7.700
4400,946.900,6.600
4401,697.200,6.900
4402,447.200,6.400
4403,197.000,6.700
4404,8175.900,7.900
4405,7925.800,9.400
4406,7676.200,9.000
4407,7426.300,9.400
4408,7176.200,8.200
4409,6925.800,9.400
4410,6676.400,6.600
4411,6426.200,6.300
4412,6176.300,6.000
4413,5926.300,7.800
4414,5676.100,5.900
4415,5426.400,5.800
4416,5176.400,6.000
4417,4926.400,4.600
4418,4676.200,8.300
4419,4426.300,6.700
4420,4176.200,6.700
4421,3926.600,7.300
4422,3676.500,7.400
4423,3426.400,7.100
4424,3176.600,6.900
4425,2926.200,7.900
4426,2676.500,7.000
4427,2426.500,6.200
4428,2176.300,7.500
4429,1926.400,10.000
4430,1676.500,6.700
4431,1426.600,6.400
4432,1176.600,6.400
4433,926.600,7.200
4434,676.900,7.100
4435,426.500,5.800
4436,176.900,5.700
4437,8056.200,6.300
4438,7806.100,6.200
4439,7556.600,6.200
4440,7306.600,5.700
4441,7056.600,4.200
4442,6806.300,6.400
4443,6556.200,4.300
4444,6306.700,6.900
4445,6056.800,7.500
4446,5806.400,6.900
4447,5556.300,5.900
4448,5306.400,6.000
4449,5056.700,10.100
4450,4806.900,9.500
4451,4556.400,8.800
4452,4306.700,9.000
4453,4056.800,4.700
4454,3806.700,8.500
4455,3556.800,6.300
4456,3307.100,6.000
4457,3056.700,4.900
4458,2807.100,7.100
4459,2556.700,6.600
4460,2306.700,5.900
4461,2057.200,4.200
4462,1806.700,8.300
4463,1557.100,6.300
4464,1307.200,6.200
4465,1057.200,6.300
4466,806.900,7.600
4467,557.100,6.100
4468,307.000,6.300
4469,57.300,6.600
4470,7977.100,6.900
4471,7727.300,6.300
4472,7477.100,6.500
4473,7227.100,8.100
4474,6977.500,6.700
4475,6727.500,8.300
4476,6477.100,6.100
4477,6227.000,6.300
4478,5977.500,6.300
4479,5727.400,6.200
4480,5477.400,5.800
4481,5227.300,6.000
4482,4977.200,8.200
4483,4727.300,6.000
4484,4477.400,6.100
4485,4227.400,6.100
4486,3977.700,7.900
4487,3727.600,6.100
4488,3477.500,5.700
4489,3227.600,6.400
4490,2977.400,7.900
4491,2727.400,6.300
4492,2477.500,6.500
4493,2227.500,6.500
4494,1977.700,8.300
4495,1727.900,7.600
4496,1477.800,7.000
4497,1227.700,6.000
4498,977.900,7.500
4499,727.700,8.900
4500,478.200,6.000
4501,228.000,6.500
4502,8228.400,7.000
4503,7978.500,6.400
4504,7728.500,5.700
4505,7478.900,5.600
4506,7228.800,6.200
4507,6978.500,8.300
4508,6729.100,6.200
4509,6478.700,5.700
4510,6228.600,5.700
4511,5978.800,8.300
4512,5729.100,6.000
4513,5479.000,5.700
4514,5228.900,5.900
4515,4979.100,8.000
4516,4729.200,6.600
4517,4479.100,8.600
4518,4228.900,7.200
4519,3978.800,8.700
4520,3729.200,8.500
4521,3478.900,7.200
4522,3229.100,6.000
4523,2979.300,7.500
4524,2729.100,5.900
4525,2479.500,5.600
4526,2229.400,5.800
4527,1979.100,7.700
4528,1729.600,5.900
4529,1479.500,6.300
4530,1229.200,6.200
4531,979.400,6.900
4532,729.600,5.900
4533,479.400,5.600
4534,229.400,6.400
4535,8166.200,4.600
4536,7916.500,9.800
4537,7666.200,8.500
4538,7416.100,7.200
4539,7166.700,9.100
4540,6916.600,12.300
4541,6666.300,8.500
4542,6416.500,7.300
4543,6166.500,6.100
4544,5916.700,6.300
4545,5666.700,6.100
4546,5416.500,5.900
4547,5166.400,5.700
4548,4916.800,7.600
4549,4666.700,8.500
4550,4417.000,7.100
4551,4166.700,5.900
4552,3916.700,8.200
4553,3666.700,5.900
4554,3416.600,5.600
4555,3167.000,6.200
4556,2916.700,6.400
4557,2666.900,6.000
4558,2416.700,6.100
4559,2167.200,6.400
4560,1916.900,8.400
4561,1667.100,7.400
4562,1417.000,7.000
4563,1167.100,9.300
4564,916.900,9.300
4565,667.000,7.100
4566,416.900,6.600
4567,166.900,8.100
4568,8841.300,8.100
4569,8591.600,6.400
4570,8341.500,7.300
4571,8091.500,6.800
4572,7841.600,7.700
4573,7591.900,6.600
4574,7341.800,6.100
4575,7092.000,5.800
4576,6841.700,7.800
4577,6592.000,6.600
4578,6341.800,6.100
4579,6092.200,7.400
4580,5841.800,6.500
4581,5592.100,5.900
4582,5341.800,5.700
4583,5092.200,9.000
4584,4842.200,8.200
4585,4591.900,6.600
4586,4342.200,6.200
4587,4092.400,7.600
4588,3842.400,6.600
4589,3592.200,5.900
4590,3342.100,6.200
4591,3092.100,7.100
4592,2842.000,5.900
4593,2592.400,5.900
4594,2342.300,5.900
4595,2092.500,6.300
4596,1842.400,7.900
4597,1592.600,6.100
4598,1342.300,5.700
4599,1092.700,5.700
4600,842.500,7.700
4601,592.500,6.900
4602,342.700,6.000
4603,92.500,6.100
4604,8151.300,8.300
4605,7901.000,6.600
4606,7651.200,38.300
4607,7401.100,8.200
4608,7151.400,6.700
4609,6901.100,7.700
4610,6651.300,8.300
4611,6401.100,6.700
4612,6151.000,7.600
4613,5901.300,6.500
4614,5651.100,6.100
4615,5401.600,5.800
4616,5151.400,7.400
4617,4901.400,8.000
4618,4651.200,7.500
4619,4401.400,6.200
4620,4151.200,6.600
4621,3901.600,7.400
4622,3651.700,6.300
4623,3401.500,6.000
4624,3151.700,5.900
4625,2901.500,7.200
4626,2651.600,6.200
4627,2401.400,6.300
4628,2151.700,6.700
4629,1901.800,6.600
4630,1651.500,8.800
4631,1402.000,6.600
4632,1151.700,5.800
4633,901.700,8.100
4634,651.700,6.000
4635,401.800,6.400
4636,151.600,5.600
4637,8130.000,7.300
4638,7879.900,5.800
4639,7629.900,6.000
4640,7380.000,5.600
4641,7129.800,8.000
4642,6879.700,7.000
4643,6629.700,5.900
4644,6379.700,6.200
4645,6130.200,25.100
4646,5880.100,5.100
4647,5629.800,6.900
4648,5380.200,6.800
4649,5129.800,7.600
4650,4880.000,7.000
4651,4629.900,7.500
4652,4380.300,7.500
4653,4130.000,6.100
4654,3880.400,7.000
4655,3630.300,6.300
4656,3380.200,5.900
4657,3130.000,5.700
4658,2880.000,7.400
4659,2630.200,6.300
4660,2380.600,5.700
4661,2130.500,5.800
4662,1880.300,7.700
4663,1630.300,6.300
4664,1380.200,6.400
4665,1130.700,6.000
4666,880.300,7.300
4667,630.400,5.800
4668,380.400,6.300
4669,130.400,6.200
4670,8165.100,7.600
4671,7915.200,8.800
4672,7665.200,6.700
4673,7415.400,9.500
4674,7165.000,8.300
4675,6915.200,6.300
4676,6665.600,6.300
4677,6415.400,5.900
4678,6165.100,8.000
4679,5915.400,8.600
4680,5665.400,7.900
4681,5415.600,6.000
4682,5165.400,8.200
4683,4915.700,7.300
4684,4665.700,7.100
4685,4415.300,6.600
4686,4165.800,6.700
4687,3915.800,6.200
4688,3665.800,5.800
4689,3415.600,7.200
4690,3165.800,6.700
4691,2915.900,7.800
4692,2666.000,6.900
4693,2415.500,6.500
4694,2165.900,6.400
4695,1915.700,8.600
4696,1666.000,7.200
4697,1415.700,8.000
4698,1165.800,6.300
4699,915.800,8.400
4700,665.700,7.500
4701,416.000,7.800
4702,166.200,6.400
4703,8174.600,7.500
4704,7924.400,6.000
4705,7674.500,6.200
4706,7424.400,6.100
4707,7174.300,6.300
4708,6924.200,7.100
4709,6674.400,6.000
4710,6424.400,6.600
4711,6174.300,4.100
4712,5924.500,9.000
4713,5674.600,7.300
4714,5424.400,6.100
4715,5174.900,6.200
4716,4924.500,7.500
4717,4674.800,4.400
4718,4425.000,7.300
4719,4174.800,6.800
4720,3924.500,7.100
4721,3675.000,7.000
4722,3424.800,6.200
4723,3174.600,6.200
4724,2924.900,7.900
4725,2674.600,6.300
4726,2425.000,6.000
4727,2174.900,5.900
4728,1924.900,7.300
4729,1674.900,6.000
4730,1425.300,7.100
4731,1175.000,6.300
4732,925.100,7.000
4733,675.000,6.300
4734,425.400,5.800
4735,175.400,6.000
4736,8597.700,7.400
4737,8348.000,8.500
4738,8097.700,7.100
4739,7847.900,6.000
4740,7597.700,7.500
4741,7347.900,7.900
4742,7098.200,6.300
4743,6847.900,6.000
4744,6598.200,5.900
4745,6348.000,8.800
4746,6098.200,8.000
4747,5848.100,6.300
4748,5598.000,6.100
4749,5348.400,6.700
4750,5098.200,6.200
4751,4848.200,6.400
4752,4598.200,5.900
4753,4348.100,7.200
4754,4098.200,5.900
4755,3847.900,6.700
4756,3598.400,6.200
4757,3348.300,8.000
4758,3098.400,7.100
4759,2848.600,6.100
4760,2598.500,6.200
4761,2348.300,7.900
4762,2098.700,9.000
4763,1848.600,9.400
4764,1598.500,6.900
4765,1348.600,6.400
4766,1098.700,6.000
4767,848.400,6.200
4768,598.600,5.800
4769,348.600,6.300
4770,99.000,6.300
4771,8084.300,6.500
4772,7834.300,6.000
4773,7584.200,5.800
4774,7334.600,6.200
4775,7084.600,8.200
4776,6834.600,5.900
4777,6584.600,5.800
4778,6334.500,5.800
4779,6084.700,8.500
4780,5834.300,7.700
4781,5584.700,6.400
4782,5334.600,6.300
4783,5084.800,5.500
4784,4834.900,6.900
4785,4584.500,9.200
4786,4334.500,6.400
4787,4084.600,8.300
4788,3834.700,8.000
4789,3584.700,6.300
4790,3335.100,6.100
4791,3084.900,6.300
4792,2834.800,6.400
4793,2585.200,5.900
4794,2335.100,5.800
4795,2084.800,6.600
4796,1835.100,6.800
4797,1585.300,6.600
4798,1335.300,6.000
4799,1085.200,8.900
4800,834.800,8.000
4801,585.300,7.300
4802,335.000,7.000
4803,85.000,6.100
4804,7982.600,10.800
4805,7732.700,7.700
4806,7482.800,8.800
4807,7233.000,8.200
4808,6982.800,9.600
4809,6732.800,9.400
4810,6483.200,7.100
4811,6233.000,6.300
4812,5983.100,7.200
4813,5732.900,6.400
4814,5482.800,6.300
4815,5233.100,5.800
4816,4982.900,9.200
4817,4733.200,8.300
4818,4483.100,7.700
4819,4233.000,6.300
4820,3982.900,6.000
4821,3733.000,5.800
4822,3483.100,7.000
4823,3233.500,6.600
4824,2983.400,8.100
4825,2733.000,7.100
4826,2483.400,6.300
4827,2233.300,6.500
4828,1983.100,6.600
4829,1733.200,7.200
4830,1483.600,6.200
4831,1233.500,6.600
4832,983.700,8.600
4833,733.600,7.900
4834,483.700,6.000
4835,233.300,6.100
4836,8212.600,6.600
4837,7962.800,6.300
4838,7712.700,7.300
4839,7462.700,8.000
4840,7212.500,5.600
4841,6963.000,6.500
4842,6713.000,6.400
4843,6462.800,6.400
4844,6212.800,6.100
4845,5962.900,9.900
4846,5712.900,6.700
4847,5462.700,5.900
4848,5213.200,5.900
4849,4962.700,7.800
4850,4713.200,7.600
4851,4463.100,7.100
4852,4212.900,9.000
4853,3963.000,7.900
4854,3713.200,6.000
4855,3463.100,5.800
4856,3213.100,5.900
4857,2963.000,7.900
4858,2713.400,6.400
4859,2462.900,6.700
4860,2213.300,7.800
4861,1963.200,6.300
4862,1713.100,6.600
4863,1463.100,6.200
4864,1213.600,5.900
4865,963.100,7.500
4866,713.300,6.000
4867,463.300,6.600
4868,213.600,6.800
4869,8191.600,9.000
4870,7941.600,8.000
4871,7691.700,6.800
4872,7441.700,6.100
4873,7191.800,5.200
4874,6942.000,9.200
4875,6691.900,8.400
4876,6441.600,6.500
4877,6192.100,5.800
4878,5941.900,6.400
4879,5691.900,6.300
4880,5442.100,6.700
4881,5191.900,7.400
4882,4941.800,7.500
4883,4692.300,6.500
4884,4442.300,6.500
4885,4192.300,6.400
4886,3942.400,8.300
4887,3692.300,7.000
4888,3442.200,5.900
4889,3191.900,6.600
4890,2942.400,7.900
4891,2692.200,6.100
4892,2442.000,5.900
4893,2192.400,5.700
4894,1942.300,6.600
4895,1692.600,7.000
4896,1442.400,6.500
4897,1192.600,6.100
4898,942.500,7.100
4899,692.200,6.600
4900,442.600,6.100
4901,192.200,5.700
4902,8199.200,6.500
4903,7949.500,7.400
4904,7699.400,5.900
4905,7449.200,5.700
4906,7199.500,7.200
4907,6949.600,6.000
4908,6699.500,6.000
4909,6449.500,6.000
4910,6199.400,9.000
4911,5949.500,8.400
4912,5699.700,6.400
4913,5449.700,6.000
4914,5199.200,5.800
4915,4949.800,7.500
4916,4699.500,6.200
4917,4449.600,9.500
4918,4199.500,9.800
4919,3949.900,7.600
4920,3699.700,8.900
4921,3449.800,7.000
4922,3199.700,6.200
4923,2949.600,9.000
4924,2699.700,6.800
4925,2449.700,7.300
4926,2199.600,6.800
4927,1949.900,8.200
4928,1699.800,8.500
4929,1449.600,6.600
4930,1199.700,8.200
4931,949.600,7.900
4932,699.900,5.800
4933,449.900,6.200
4934,200.000,7.000
4935,8171.200,7.800
4936,7921.400,8.300
4937,7671.400,8.500
4938,7421.500,7.500
4939,7171.000,11.500
4940,6921.400,11.200
4941,6671.100,9.000
4942,6421.400,8.500
4943,6171.300,10.600
4944,5921.300,7.300
4945,5671.300,6.200
4946,5421.700,5.900
4947,5171.500,6.200
4948,4921.400,6.200
4949,4671.500,7.800
4950,4421.400,7.000
4951,4171.400,6.300
4952,3921.700,7.400
4953,3671.900,6.500
4954,3421.600,6.200
4955,3171.900,6.400
4956,2921.700,7.000
4957,2671.500,6.200
4958,2421.600,7.000
4959,2171.700,6.400
4960,1922.000,6.100
4961,1671.600,10.500
4962,1422.100,7.200
4963,1171.900,9.000
4964,922.000,9.500
4965,672.000,7.900
4966,421.800,8.200
4967,172.200,9.700
4968,8698.000,7.300
4969,8448.400,8.600
4970,8198.500,7.500
4971,7948.100,6.300
4972,7694.900,7.000
4973,7448.500,6.000
4974,7198.400,6.000
4975,6948.600,5.700
4976,6698.700,11.600
4977,6448.800,6.800
4978,6198.700,10.600
4979,5948.500,8.400
4980,5698.700,7.800
4981,5448.700,7.200
4982,5198.600,7.500
4983,4921.300,8.800
4984,4698.800,7.600
4985,4448.500,7.600
4986,4188.500,6.200
4987,3948.600,8.400
4988,3698.600,6.300
4989,3449.000,7.300
4990,3198.700,6.000
4991,2949.100,5.900
4992,2699.100,7.500
4993,2448.800,8.100
4994,2198.800,6.500
4995,1948.800,6.700
4996,1698.800,6.500
4997,1448.900,7.400
4998,1199.300,6.200
4999,949.300,6.000
